Walk_p03_r02_v13_c01,1,Walk
Getup_p13_r03_v13_c01,11,Getup
Usetelephone_p13_r00_v12_c01,16,Usetelephone
Eat.Attable_p09_r01_v08_c01,17,Eat.Attable
Readbook_p11_r04_v09_c01,7,Readbook
Getup_p04_r00_v13_c01,11,Getup
Sitdown_p09_r03_v11_c01,12,Sitdown
Eat.Attable_p16_r21_v06_c01,17,Eat.Attable
Eat.Attable_p18_r28_v09_c01,17,Eat.Attable
Eat.Attable_p02_r03_v11_c01,17,Eat.Attable
Walk_p15_r00_v09_c01,1,Walk
Eat.Attable_p04_r20_v08_c01,17,Eat.Attable
Usetelephone_p13_r01_v10_c01,16,Usetelephone
Drink.Fromcup_p04_r01_v09_c01,5,Drink.Fromcup
Getup_p20_r00_v08_c01,11,Getup
Sitdown_p06_r00_v27_c01,12,Sitdown
Drink.Fromcup_p03_r04_v12_c01,5,Drink.Fromcup
Eat.Attable_p11_r35_v08_c01,17,Eat.Attable
Eat.Attable_p16_r14_v06_c01,17,Eat.Attable
Leave_p06_r03_v26_c01,8,Leave
Readbook_p18_r01_v09_c01,7,Readbook
Sitdown_p06_r02_v09_c01,12,Sitdown
Eat.Attable_p16_r20_v06_c01,17,Eat.Attable
Sitdown_p25_r03_v11_c01,12,Sitdown
Drink.Fromcup_p10_r01_v10_c01,5,Drink.Fromcup
Readbook_p16_r02_v09_c01,7,Readbook
Sitdown_p06_r00_v09_c01,12,Sitdown
Eat.Attable_p16_r06_v06_c01,17,Eat.Attable
Eat.Attable_p04_r21_v08_c01,17,Eat.Attable
Drink.Fromcup_p13_r01_v12_c01,5,Drink.Fromcup
Pour.Frombottle_p10_r08_v10_c01,20,Pour.Frombottle
Drink.Fromcup_p19_r17_v07_c01,5,Drink.Fromcup
Drink.Fromcup_p14_r07_v11_c01,5,Drink.Fromcup
Leave_p10_r01_v09_c01,8,Leave
Enter_p06_r04_v27_c01,14,Enter
Drink.Fromcup_p10_r03_v09_c01,5,Drink.Fromcup
Drink.Fromcup_p15_r16_v08_c01,5,Drink.Fromcup
Drink.Fromcup_p03_r02_v12_c01,5,Drink.Fromcup
Getup_p18_r02_v10_c01,11,Getup
Uselaptop_p09_r00_v09_c01,4,Uselaptop
Sitdown_p10_r14_v09_c01,12,Sitdown
Eat.Attable_p13_r23_v09_c01,17,Eat.Attable
Usetelephone_p17_r00_v08_c01,16,Usetelephone
Cutbread_p17_r00_v10_c01,28,Cutbread
Sitdown_p06_r03_v09_c01,12,Sitdown
Sitdown_p10_r04_v09_c01,12,Sitdown
Eat.Attable_p09_r02_v09_c01,17,Eat.Attable
Walk_p03_r03_v13_c01,1,Walk
Eat.Attable_p07_r14_v08_c01,17,Eat.Attable
Uselaptop_p10_r04_v09_c01,4,Uselaptop
Readbook_p04_r02_v09_c01,7,Readbook
Sitdown_p06_r01_v27_c01,12,Sitdown
Drink.Fromcup_p09_r01_v10_c01,5,Drink.Fromcup
Sitdown_p11_r00_v08_c01,12,Sitdown
Drink.Fromcup_p13_r00_v19_c01,5,Drink.Fromcup
Uselaptop_p13_r01_v13_c01,4,Uselaptop
Sitdown_p09_r01_v08_c01,12,Sitdown
Readbook_p19_r10_v08_c01,7,Readbook
Sitdown_p25_r00_v11_c01,12,Sitdown
Eat.Attable_p16_r09_v06_c01,17,Eat.Attable
Leave_p09_r01_v08_c01,8,Leave
Enter_p09_r02_v11_c01,14,Enter
Takepills_p09_r00_v10_c01,15,Takepills
Getup_p16_r00_v10_c01,11,Getup
Eat.Attable_p04_r07_v12_c01,17,Eat.Attable
Drink.Fromcup_p17_r01_v09_c01,5,Drink.Fromcup
Uselaptop_p14_r00_v13_c01,4,Uselaptop
Readbook_p17_r09_v08_c01,7,Readbook
Eat.Attable_p13_r15_v09_c01,17,Eat.Attable
Leave_p09_r00_v10_c01,8,Leave
Eat.Attable_p04_r09_v08_c01,17,Eat.Attable
Uselaptop_p15_r00_v09_c01,4,Uselaptop
Eat.Attable_p19_r06_v07_c01,17,Eat.Attable
Readbook_p19_r00_v08_c01,7,Readbook
Eat.Attable_p13_r09_v19_c01,17,Eat.Attable
Readbook_p16_r00_v11_c01,7,Readbook
Usetelephone_p10_r02_v10_c01,16,Usetelephone
Drink.Fromcan_p06_r04_v11_c01,21,Drink.Fromcan
Eat.Attable_p07_r35_v08_c01,17,Eat.Attable
Drink.Fromglass_p25_r01_v10_c01,26,Drink.Fromglass
Eat.Attable_p13_r20_v09_c01,17,Eat.Attable
Drink.Fromcup_p18_r09_v12_c01,5,Drink.Fromcup
Drink.Fromcup_p13_r12_v19_c01,5,Drink.Fromcup
Drink.Fromcan_p15_r01_v09_c01,21,Drink.Fromcan
Takepills_p15_r01_v10_c01,15,Takepills
Drink.Fromcup_p04_r00_v10_c01,5,Drink.Fromcup
Drink.Fromcup_p10_r02_v10_c01,5,Drink.Fromcup
Sitdown_p07_r00_v10_c01,12,Sitdown
Eat.Attable_p19_r02_v07_c01,17,Eat.Attable
Eat.Attable_p04_r05_v08_c01,17,Eat.Attable
Eat.Attable_p13_r21_v09_c01,17,Eat.Attable
Uselaptop_p11_r01_v14_c01,4,Uselaptop
Eat.Attable_p16_r29_v06_c01,17,Eat.Attable
Pour.Frombottle_p25_r01_v10_c01,20,Pour.Frombottle
Eat.Attable_p13_r12_v19_c01,17,Eat.Attable
Eat.Attable_p07_r46_v08_c01,17,Eat.Attable
Pour.Frombottle_p20_r00_v11_c01,20,Pour.Frombottle
Pour.Fromcan_p15_r00_v10_c01,27,Pour.Fromcan
Sitdown_p10_r08_v09_c01,12,Sitdown
Drink.Fromcup_p04_r05_v09_c01,5,Drink.Fromcup
Uselaptop_p10_r06_v10_c01,4,Uselaptop
Sitdown_p20_r02_v08_c01,12,Sitdown
Enter_p06_r01_v14_c01,14,Enter
Eat.Attable_p19_r17_v07_c01,17,Eat.Attable
Drink.Fromcup_p11_r02_v14_c01,5,Drink.Fromcup
Eat.Attable_p04_r11_v08_c01,17,Eat.Attable
Pour.Frombottle_p17_r00_v09_c01,20,Pour.Frombottle
Eat.Attable_p04_r05_v12_c01,17,Eat.Attable
Getup_p06_r00_v26_c01,11,Getup
Drink.Fromcup_p13_r09_v19_c01,5,Drink.Fromcup
Drink.Fromcup_p09_r02_v10_c01,5,Drink.Fromcup
Drink.Fromcup_p07_r05_v08_c01,5,Drink.Fromcup
Usetelephone_p10_r00_v10_c01,16,Usetelephone
Getup_p11_r00_v08_c01,11,Getup
Eat.Snack_p06_r03_v11_c01,24,Eat.Snack
Drink.Fromcup_p25_r00_v09_c01,5,Drink.Fromcup
Drink.Fromcup_p13_r01_v19_c01,5,Drink.Fromcup
Drink.Fromcan_p06_r03_v11_c01,21,Drink.Fromcan
Drink.Fromcup_p10_r08_v10_c01,5,Drink.Fromcup
Cutbread_p20_r00_v08_c01,28,Cutbread
Sitdown_p03_r01_v13_c01,12,Sitdown
Drink.Fromcup_p13_r00_v09_c01,5,Drink.Fromcup
Getup_p06_r00_v07_c01,11,Getup
Walk_p15_r02_v10_c01,1,Walk
Drink.Fromcup_p09_r03_v10_c01,5,Drink.Fromcup
Getup_p20_r06_v09_c01,11,Getup
Pour.Frombottle_p10_r10_v10_c01,20,Pour.Frombottle
Eat.Attable_p09_r05_v08_c01,17,Eat.Attable
Usetablet_p03_r01_v13_c01,25,Usetablet
Getup_p25_r00_v17_c01,11,Getup
Eat.Attable_p20_r03_v08_c01,17,Eat.Attable
Pour.Fromcan_p20_r00_v09_c01,27,Pour.Fromcan
Cutbread_p04_r00_v08_c01,28,Cutbread
Getup_p04_r00_v09_c01,11,Getup
Eat.Snack_p06_r02_v11_c01,24,Eat.Snack
Walk_p15_r03_v11_c01,1,Walk
Sitdown_p19_r01_v10_c01,12,Sitdown
Eat.Attable_p14_r01_v09_c01,17,Eat.Attable
Cutbread_p11_r01_v08_c01,28,Cutbread
Sitdown_p19_r05_v10_c01,12,Sitdown
Eat.Attable_p04_r00_v12_c01,17,Eat.Attable
Getup_p11_r02_v09_c01,11,Getup
Drink.Fromcup_p13_r07_v11_c01,5,Drink.Fromcup
Drink.Fromcup_p06_r02_v09_c01,5,Drink.Fromcup
Sitdown_p13_r04_v13_c01,12,Sitdown
Sitdown_p19_r01_v08_c01,12,Sitdown
Drink.Fromcup_p13_r13_v19_c01,5,Drink.Fromcup
Getup_p15_r03_v10_c01,11,Getup
Drink.Fromcup_p15_r05_v09_c01,5,Drink.Fromcup
Eat.Attable_p09_r25_v08_c01,17,Eat.Attable
Leave_p06_r04_v15_c01,8,Leave
Eat.Attable_p20_r15_v08_c01,17,Eat.Attable
Eat.Attable_p20_r05_v08_c01,17,Eat.Attable
Sitdown_p17_r05_v09_c01,12,Sitdown
Eat.Attable_p09_r16_v08_c01,17,Eat.Attable
Getup_p11_r00_v15_c01,11,Getup
Walk_p15_r02_v12_c01,1,Walk
Sitdown_p15_r01_v12_c01,12,Sitdown
Drink.Fromcup_p06_r00_v08_c01,5,Drink.Fromcup
Getup_p03_r02_v13_c01,11,Getup
Drink.Frombottle_p06_r04_v10_c01,0,Drink.Frombottle
Eat.Attable_p14_r12_v09_c01,17,Eat.Attable
Sitdown_p17_r03_v09_c01,12,Sitdown
Drink.Fromcup_p04_r04_v09_c01,5,Drink.Fromcup
Sitdown_p04_r01_v10_c01,12,Sitdown
Uselaptop_p19_r05_v09_c01,4,Uselaptop
Enter_p06_r00_v11_c01,14,Enter
Readbook_p04_r06_v08_c01,7,Readbook
Sitdown_p19_r02_v07_c01,12,Sitdown
Eat.Attable_p18_r29_v09_c01,17,Eat.Attable
Eat.Attable_p02_r10_v11_c01,17,Eat.Attable
Getup_p06_r04_v15_c01,11,Getup
Drink.Fromcup_p09_r00_v10_c01,5,Drink.Fromcup
Drink.Fromcup_p11_r00_v08_c01,5,Drink.Fromcup
Cutbread_p09_r00_v08_c01,28,Cutbread
Sitdown_p20_r01_v11_c01,12,Sitdown
Drink.Fromcan_p18_r00_v10_c01,21,Drink.Fromcan
Sitdown_p11_r00_v09_c01,12,Sitdown
Readbook_p25_r08_v10_c01,7,Readbook
Getup_p25_r04_v10_c01,11,Getup
Drink.Fromcup_p14_r09_v11_c01,5,Drink.Fromcup
Sitdown_p07_r00_v08_c01,12,Sitdown
Eat.Attable_p04_r17_v08_c01,17,Eat.Attable
Usetelephone_p13_r03_v13_c01,16,Usetelephone
Enter_p06_r01_v15_c01,14,Enter
Pour.Frombottle_p06_r02_v09_c01,20,Pour.Frombottle
Drink.Fromcup_p19_r21_v07_c01,5,Drink.Fromcup
Drink.Fromcup_p13_r09_v11_c01,5,Drink.Fromcup
Eat.Attable_p11_r08_v08_c01,17,Eat.Attable
Readbook_p06_r02_v11_c01,7,Readbook
Eat.Attable_p07_r40_v08_c01,17,Eat.Attable
Readbook_p06_r10_v07_c01,7,Readbook
Usetelephone_p25_r01_v10_c01,16,Usetelephone
Readbook_p04_r00_v13_c01,7,Readbook
Sitdown_p19_r01_v07_c01,12,Sitdown
Usetelephone_p03_r00_v12_c01,16,Usetelephone
Getup_p15_r04_v10_c01,11,Getup
Eat.Attable_p09_r30_v08_c01,17,Eat.Attable
Eat.Attable_p11_r22_v08_c01,17,Eat.Attable
Readbook_p14_r00_v11_c01,7,Readbook
Eat.Snack_p06_r00_v14_c01,24,Eat.Snack
Eat.Attable_p13_r17_v09_c01,17,Eat.Attable
Eat.Attable_p13_r07_v19_c01,17,Eat.Attable
Readbook_p17_r05_v09_c01,7,Readbook
Eat.Attable_p06_r13_v07_c01,17,Eat.Attable
Sitdown_p20_r02_v09_c01,12,Sitdown
Readbook_p13_r00_v10_c01,7,Readbook
Eat.Attable_p06_r11_v07_c01,17,Eat.Attable
Sitdown_p13_r00_v09_c01,12,Sitdown
Drink.Fromcup_p15_r06_v09_c01,5,Drink.Fromcup
Getup_p13_r03_v11_c01,11,Getup
Drink.Fromcan_p11_r02_v10_c01,21,Drink.Fromcan
Getup_p06_r02_v10_c01,11,Getup
Drink.Fromcup_p03_r00_v12_c01,5,Drink.Fromcup
Drink.Fromcup_p04_r00_v09_c01,5,Drink.Fromcup
Sitdown_p19_r06_v10_c01,12,Sitdown
Sitdown_p04_r01_v13_c01,12,Sitdown
Pour.Fromcan_p15_r01_v10_c01,27,Pour.Fromcan
Usetelephone_p19_r01_v10_c01,16,Usetelephone
Eat.Attable_p13_r01_v19_c01,17,Eat.Attable
Uselaptop_p11_r00_v15_c01,4,Uselaptop
Usetelephone_p10_r03_v10_c01,16,Usetelephone
Eat.Attable_p16_r01_v06_c01,17,Eat.Attable
Enter_p06_r04_v15_c01,14,Enter
Drink.Fromcan_p11_r00_v09_c01,21,Drink.Fromcan
Takepills_p15_r00_v11_c01,15,Takepills
Readbook_p07_r00_v11_c01,7,Readbook
Drink.Frombottle_p09_r00_v10_c01,0,Drink.Frombottle
Sitdown_p16_r03_v07_c01,12,Sitdown
Usetelephone_p13_r06_v13_c01,16,Usetelephone
Drink.Frombottle_p14_r05_v10_c01,0,Drink.Frombottle
Eat.Attable_p11_r23_v08_c01,17,Eat.Attable
Drink.Fromcup_p15_r08_v09_c01,5,Drink.Fromcup
Uselaptop_p15_r01_v10_c01,4,Uselaptop
Drink.Fromcup_p04_r02_v12_c01,5,Drink.Fromcup
Uselaptop_p17_r02_v08_c01,4,Uselaptop
Pour.Fromcan_p13_r00_v11_c01,27,Pour.Fromcan
Readbook_p18_r03_v09_c01,7,Readbook
Usetelephone_p13_r00_v10_c01,16,Usetelephone
Eat.Attable_p19_r19_v07_c01,17,Eat.Attable
Sitdown_p17_r00_v08_c01,12,Sitdown
Drink.Fromcup_p09_r01_v09_c01,5,Drink.Fromcup
Getup_p10_r08_v10_c01,11,Getup
Eat.Attable_p04_r26_v08_c01,17,Eat.Attable
Drink.Fromcup_p14_r00_v11_c01,5,Drink.Fromcup
Eat.Attable_p04_r12_v08_c01,17,Eat.Attable
Readbook_p11_r01_v08_c01,7,Readbook
Sitdown_p14_r00_v10_c01,12,Sitdown
Readbook_p18_r04_v12_c01,7,Readbook
Eat.Attable_p16_r23_v06_c01,17,Eat.Attable
Getup_p06_r03_v15_c01,11,Getup
Walk_p15_r00_v11_c01,1,Walk
Drink.Fromcup_p13_r13_v11_c01,5,Drink.Fromcup
Pour.Frombottle_p19_r01_v08_c01,20,Pour.Frombottle
Usetelephone_p06_r01_v09_c01,16,Usetelephone
Sitdown_p17_r07_v09_c01,12,Sitdown
Drink.Fromcup_p18_r01_v11_c01,5,Drink.Fromcup
Uselaptop_p06_r01_v15_c01,4,Uselaptop
Getup_p14_r04_v13_c01,11,Getup
Drink.Fromcan_p25_r01_v11_c01,21,Drink.Fromcan
Eat.Attable_p13_r23_v19_c01,17,Eat.Attable
Walk_p07_r01_v12_c01,1,Walk
Usetelephone_p04_r00_v13_c01,16,Usetelephone
Sitdown_p06_r00_v08_c01,12,Sitdown
Sitdown_p25_r04_v10_c01,12,Sitdown
Pour.Frombottle_p13_r00_v12_c01,20,Pour.Frombottle
Drink.Fromcup_p03_r03_v10_c01,5,Drink.Fromcup
Eat.Attable_p09_r07_v08_c01,17,Eat.Attable
Readbook_p17_r07_v09_c01,7,Readbook
Getup_p20_r00_v09_c01,11,Getup
Sitdown_p14_r00_v09_c01,12,Sitdown
Eat.Attable_p11_r05_v08_c01,17,Eat.Attable
Walk_p25_r00_v17_c01,1,Walk
Usetablet_p03_r01_v11_c01,25,Usetablet
Getup_p17_r07_v09_c01,11,Getup
Drink.Fromcan_p11_r04_v09_c01,21,Drink.Fromcan
Leave_p09_r01_v09_c01,8,Leave
Pour.Frombottle_p03_r00_v10_c01,20,Pour.Frombottle
Sitdown_p25_r03_v10_c01,12,Sitdown
Sitdown_p10_r07_v10_c01,12,Sitdown
Eat.Snack_p06_r05_v11_c01,24,Eat.Snack
Drink.Fromcup_p25_r01_v09_c01,5,Drink.Fromcup
Eat.Attable_p17_r07_v10_c01,17,Eat.Attable
Drink.Fromglass_p25_r00_v10_c01,26,Drink.Fromglass
Sitdown_p06_r04_v11_c01,12,Sitdown
Sitdown_p09_r05_v09_c01,12,Sitdown
Getup_p06_r03_v11_c01,11,Getup
Drink.Fromcup_p16_r05_v07_c01,5,Drink.Fromcup
Drink.Fromcup_p25_r00_v10_c01,5,Drink.Fromcup
Readbook_p17_r11_v08_c01,7,Readbook
Eat.Attable_p13_r26_v19_c01,17,Eat.Attable
Eat.Attable_p02_r07_v11_c01,17,Eat.Attable
Usetelephone_p18_r00_v10_c01,16,Usetelephone
Readbook_p13_r00_v09_c01,7,Readbook
Eat.Attable_p07_r23_v08_c01,17,Eat.Attable
Getup_p18_r02_v12_c01,11,Getup
Getup_p17_r05_v09_c01,11,Getup
Pour.Fromcan_p19_r00_v09_c01,27,Pour.Fromcan
Eat.Attable_p06_r09_v07_c01,17,Eat.Attable
Eat.Attable_p16_r24_v06_c01,17,Eat.Attable
Sitdown_p16_r01_v06_c01,12,Sitdown
Sitdown_p17_r00_v09_c01,12,Sitdown
Eat.Attable_p25_r03_v09_c01,17,Eat.Attable
Enter_p03_r01_v11_c01,14,Enter
Drink.Fromcan_p11_r07_v09_c01,21,Drink.Fromcan
Eat.Attable_p20_r23_v08_c01,17,Eat.Attable
Enter_p06_r02_v27_c01,14,Enter
Drink.Fromcup_p19_r05_v07_c01,5,Drink.Fromcup
Getup_p13_r08_v10_c01,11,Getup
Eat.Attable_p13_r06_v19_c01,17,Eat.Attable
Uselaptop_p11_r07_v09_c01,4,Uselaptop
Takepills_p20_r01_v09_c01,15,Takepills
Getup_p13_r00_v09_c01,11,Getup
Pour.Frombottle_p25_r01_v11_c01,20,Pour.Frombottle
Sitdown_p06_r01_v26_c01,12,Sitdown
Drink.Fromcup_p03_r02_v10_c01,5,Drink.Fromcup
Walk_p11_r00_v09_c01,1,Walk
Usetelephone_p14_r01_v13_c01,16,Usetelephone
Drink.Fromcup_p10_r04_v10_c01,5,Drink.Fromcup
Eat.Attable_p09_r21_v08_c01,17,Eat.Attable
Readbook_p04_r00_v09_c01,7,Readbook
Eat.Attable_p14_r09_v09_c01,17,Eat.Attable
Drink.Fromcup_p09_r13_v08_c01,5,Drink.Fromcup
Walk_p03_r11_v13_c01,1,Walk
Sitdown_p06_r00_v07_c01,12,Sitdown
Drink.Fromcup_p14_r02_v11_c01,5,Drink.Fromcup
Getup_p17_r05_v08_c01,11,Getup
Cutbread_p03_r00_v10_c01,28,Cutbread
Drink.Frombottle_p14_r02_v10_c01,0,Drink.Frombottle
Eat.Attable_p18_r01_v09_c01,17,Eat.Attable
Getup_p09_r04_v11_c01,11,Getup
Sitdown_p15_r01_v09_c01,12,Sitdown
Drink.Fromcup_p09_r05_v08_c01,5,Drink.Fromcup
Drink.Fromcup_p04_r03_v12_c01,5,Drink.Fromcup
Drink.Fromcup_p19_r11_v07_c01,5,Drink.Fromcup
Sitdown_p06_r02_v10_c01,12,Sitdown
Drink.Fromcup_p19_r02_v09_c01,5,Drink.Fromcup
Leave_p10_r00_v09_c01,8,Leave
Drink.Fromcup_p14_r01_v11_c01,5,Drink.Fromcup
Sitdown_p03_r02_v13_c01,12,Sitdown
Usetelephone_p11_r00_v15_c01,16,Usetelephone
Getup_p10_r10_v10_c01,11,Getup
Sitdown_p14_r03_v10_c01,12,Sitdown
Eat.Attable_p11_r21_v08_c01,17,Eat.Attable
Eat.Attable_p16_r11_v06_c01,17,Eat.Attable
Getup_p16_r02_v09_c01,11,Getup
Eat.Attable_p09_r05_v09_c01,17,Eat.Attable
Drink.Fromcup_p16_r00_v06_c01,5,Drink.Fromcup
Uselaptop_p07_r00_v10_c01,4,Uselaptop
Walk_p20_r01_v11_c01,1,Walk
Getup_p25_r02_v11_c01,11,Getup
Readbook_p04_r14_v08_c01,7,Readbook
Eat.Attable_p18_r18_v09_c01,17,Eat.Attable
Drink.Fromcup_p19_r03_v07_c01,5,Drink.Fromcup
Drink.Fromcup_p03_r01_v12_c01,5,Drink.Fromcup
Walk_p09_r04_v10_c01,1,Walk
Getup_p17_r01_v09_c01,11,Getup
Sitdown_p17_r12_v09_c01,12,Sitdown
Drink.Fromcup_p15_r12_v08_c01,5,Drink.Fromcup
Sitdown_p17_r10_v09_c01,12,Sitdown
Sitdown_p13_r08_v10_c01,12,Sitdown
Drink.Frombottle_p14_r00_v11_c01,0,Drink.Frombottle
Getup_p15_r05_v11_c01,11,Getup
Eat.Attable_p13_r24_v19_c01,17,Eat.Attable
Drink.Fromcup_p15_r04_v08_c01,5,Drink.Fromcup
Enter_p10_r00_v09_c01,14,Enter
Takepills_p17_r02_v09_c01,15,Takepills
Readbook_p20_r00_v10_c01,7,Readbook
Sitdown_p15_r02_v12_c01,12,Sitdown
Walk_p07_r02_v09_c01,1,Walk
Drink.Fromcup_p10_r10_v10_c01,5,Drink.Fromcup
Drink.Fromcup_p03_r00_v13_c01,5,Drink.Fromcup
Getup_p19_r02_v08_c01,11,Getup
Getup_p16_r01_v07_c01,11,Getup
Cutbread_p06_r00_v07_c01,28,Cutbread
Getup_p10_r04_v09_c01,11,Getup
Drink.Fromglass_p25_r01_v09_c01,26,Drink.Fromglass
Eat.Attable_p06_r04_v07_c01,17,Eat.Attable
Usetelephone_p17_r02_v08_c01,16,Usetelephone
Readbook_p20_r01_v10_c01,7,Readbook
Eat.Attable_p07_r34_v08_c01,17,Eat.Attable
Drink.Fromcup_p15_r03_v08_c01,5,Drink.Fromcup
Sitdown_p14_r01_v09_c01,12,Sitdown
Getup_p17_r12_v09_c01,11,Getup
Drink.Fromcup_p10_r04_v09_c01,5,Drink.Fromcup
Usetelephone_p25_r00_v10_c01,16,Usetelephone
Drink.Fromcup_p17_r02_v09_c01,5,Drink.Fromcup
Sitdown_p17_r03_v10_c01,12,Sitdown
Eat.Attable_p04_r14_v08_c01,17,Eat.Attable
Sitdown_p14_r01_v11_c01,12,Sitdown
Pour.Frombottle_p06_r00_v09_c01,20,Pour.Frombottle
Eat.Attable_p07_r33_v08_c01,17,Eat.Attable
Pour.Frombottle_p03_r00_v11_c01,20,Pour.Frombottle
Eat.Attable_p09_r31_v08_c01,17,Eat.Attable
Uselaptop_p17_r00_v08_c01,4,Uselaptop
Drink.Fromcup_p15_r06_v08_c01,5,Drink.Fromcup
Drink.Fromcup_p04_r01_v08_c01,5,Drink.Fromcup
Leave_p09_r02_v11_c01,8,Leave
Drink.Fromcup_p13_r03_v12_c01,5,Drink.Fromcup
Drink.Fromcup_p10_r05_v10_c01,5,Drink.Fromcup
Usetelephone_p03_r00_v13_c01,16,Usetelephone
Walk_p11_r02_v15_c01,1,Walk
Readbook_p14_r00_v09_c01,7,Readbook
Drink.Fromcup_p14_r04_v11_c01,5,Drink.Fromcup
Sitdown_p17_r03_v08_c01,12,Sitdown
Readbook_p19_r00_v10_c01,7,Readbook
Drink.Fromcup_p09_r02_v09_c01,5,Drink.Fromcup
Eat.Attable_p13_r03_v19_c01,17,Eat.Attable
Readbook_p11_r01_v14_c01,7,Readbook
Drink.Fromcup_p13_r10_v10_c01,5,Drink.Fromcup
Drink.Fromcup_p20_r00_v09_c01,5,Drink.Fromcup
Walk_p07_r02_v10_c01,1,Walk
Sitdown_p10_r05_v09_c01,12,Sitdown
Drink.Fromcup_p19_r07_v07_c01,5,Drink.Fromcup
Getup_p04_r01_v08_c01,11,Getup
Takepills_p20_r00_v09_c01,15,Takepills
Drink.Fromcup_p16_r05_v06_c01,5,Drink.Fromcup
Eat.Attable_p16_r04_v06_c01,17,Eat.Attable
Drink.Fromcan_p06_r02_v11_c01,21,Drink.Fromcan
Readbook_p25_r01_v09_c01,7,Readbook
Getup_p19_r02_v10_c01,11,Getup
Getup_p18_r04_v12_c01,11,Getup
Drink.Fromcup_p16_r01_v09_c01,5,Drink.Fromcup
Drink.Frombottle_p06_r02_v10_c01,0,Drink.Frombottle
Drink.Fromcup_p15_r03_v09_c01,5,Drink.Fromcup
Leave_p03_r01_v10_c01,8,Leave
Readbook_p06_r00_v07_c01,7,Readbook
Uselaptop_p13_r00_v12_c01,4,Uselaptop
Sitdown_p15_r03_v10_c01,12,Sitdown
Walk_p15_r01_v10_c01,1,Walk
Getup_p17_r03_v09_c01,11,Getup
Getup_p06_r04_v09_c01,11,Getup
Getup_p25_r01_v09_c01,11,Getup
Eat.Attable_p18_r13_v09_c01,17,Eat.Attable
Drink.Frombottle_p14_r01_v10_c01,0,Drink.Frombottle
Getup_p15_r02_v10_c01,11,Getup
Drink.Frombottle_p09_r00_v11_c01,0,Drink.Frombottle
Walk_p07_r03_v09_c01,1,Walk
Drink.Fromcup_p07_r02_v08_c01,5,Drink.Fromcup
Usetelephone_p04_r00_v10_c01,16,Usetelephone
Walk_p03_r00_v13_c01,1,Walk
Eat.Attable_p07_r06_v08_c01,17,Eat.Attable
Eat.Attable_p07_r17_v08_c01,17,Eat.Attable
Pour.Frombottle_p10_r02_v10_c01,20,Pour.Frombottle
Sitdown_p10_r12_v09_c01,12,Sitdown
Drink.Fromglass_p25_r02_v11_c01,26,Drink.Fromglass
Drink.Fromcan_p11_r01_v09_c01,21,Drink.Fromcan
Sitdown_p18_r02_v12_c01,12,Sitdown
Eat.Attable_p14_r02_v09_c01,17,Eat.Attable
Sitdown_p06_r02_v27_c01,12,Sitdown
Walk_p07_r01_v10_c01,1,Walk
Enter_p06_r00_v27_c01,14,Enter
Uselaptop_p25_r01_v10_c01,4,Uselaptop
Drink.Fromcup_p18_r00_v12_c01,5,Drink.Fromcup
Readbook_p04_r10_v08_c01,7,Readbook
Getup_p04_r01_v10_c01,11,Getup
Eat.Attable_p11_r09_v08_c01,17,Eat.Attable
Readbook_p14_r04_v11_c01,7,Readbook
Sitdown_p04_r00_v08_c01,12,Sitdown
Sitdown_p06_r03_v10_c01,12,Sitdown
Pour.Fromcan_p15_r00_v09_c01,27,Pour.Fromcan
Eat.Attable_p03_r04_v10_c01,17,Eat.Attable
Leave_p06_r01_v14_c01,8,Leave
Usetablet_p20_r00_v11_c01,25,Usetablet
Drink.Fromcup_p03_r01_v10_c01,5,Drink.Fromcup
Leave_p06_r01_v15_c01,8,Leave
Readbook_p19_r00_v07_c01,7,Readbook
Drink.Fromcup_p14_r01_v09_c01,5,Drink.Fromcup
Eat.Attable_p04_r04_v12_c01,17,Eat.Attable
Drink.Frombottle_p16_r00_v07_c01,0,Drink.Frombottle
Drink.Frombottle_p06_r05_v10_c01,0,Drink.Frombottle
Sitdown_p14_r04_v11_c01,12,Sitdown
Readbook_p19_r06_v08_c01,7,Readbook
Eat.Attable_p04_r03_v08_c01,17,Eat.Attable
Drink.Fromcup_p17_r00_v09_c01,5,Drink.Fromcup
Getup_p09_r03_v10_c01,11,Getup
Drink.Fromcup_p13_r02_v11_c01,5,Drink.Fromcup
Eat.Attable_p13_r30_v19_c01,17,Eat.Attable
Getup_p04_r02_v13_c01,11,Getup
Drink.Fromcup_p09_r04_v09_c01,5,Drink.Fromcup
Walk_p03_r11_v12_c01,1,Walk
Walk_p09_r03_v10_c01,1,Walk
Eat.Attable_p13_r15_v19_c01,17,Eat.Attable
Eat.Snack_p18_r00_v12_c01,24,Eat.Snack
Uselaptop_p10_r01_v09_c01,4,Uselaptop
Leave_p09_r02_v08_c01,8,Leave
Getup_p06_r00_v14_c01,11,Getup
Drink.Fromcup_p07_r08_v08_c01,5,Drink.Fromcup
Drink.Fromcan_p15_r00_v12_c01,21,Drink.Fromcan
Uselaptop_p16_r00_v07_c01,4,Uselaptop
Eat.Attable_p09_r39_v08_c01,17,Eat.Attable
Drink.Fromcup_p19_r02_v07_c01,5,Drink.Fromcup
Drink.Fromcup_p18_r00_v09_c01,5,Drink.Fromcup
Pour.Frombottle_p18_r00_v12_c01,20,Pour.Frombottle
Uselaptop_p10_r10_v10_c01,4,Uselaptop
Eat.Attable_p13_r14_v09_c01,17,Eat.Attable
Usetelephone_p03_r01_v11_c01,16,Usetelephone
Drink.Frombottle_p15_r00_v10_c01,0,Drink.Frombottle
Readbook_p19_r09_v08_c01,7,Readbook
Readbook_p04_r00_v08_c01,7,Readbook
Drink.Fromglass_p25_r02_v10_c01,26,Drink.Fromglass
Sitdown_p10_r02_v09_c01,12,Sitdown
Walk_p15_r02_v11_c01,1,Walk
Sitdown_p04_r01_v08_c01,12,Sitdown
Drink.Frombottle_p14_r03_v10_c01,0,Drink.Frombottle
Eat.Attable_p04_r24_v08_c01,17,Eat.Attable
Getup_p20_r01_v08_c01,11,Getup
Usetelephone_p03_r04_v12_c01,16,Usetelephone
Sitdown_p06_r03_v14_c01,12,Sitdown
Drink.Fromcup_p18_r05_v09_c01,5,Drink.Fromcup
Drink.Fromcup_p14_r02_v13_c01,5,Drink.Fromcup
Drink.Fromcup_p13_r03_v19_c01,5,Drink.Fromcup
Walk_p07_r00_v10_c01,1,Walk
Leave_p06_r01_v26_c01,8,Leave
Sitdown_p20_r02_v10_c01,12,Sitdown
Drink.Fromcup_p13_r02_v19_c01,5,Drink.Fromcup
Readbook_p25_r06_v10_c01,7,Readbook
Getup_p19_r00_v07_c01,11,Getup
Drink.Frombottle_p07_r00_v09_c01,0,Drink.Frombottle
Drink.Fromcup_p15_r00_v08_c01,5,Drink.Fromcup
Uselaptop_p07_r00_v09_c01,4,Uselaptop
Getup_p09_r03_v09_c01,11,Getup
Usetelephone_p10_r01_v10_c01,16,Usetelephone
Eat.Attable_p09_r26_v08_c01,17,Eat.Attable
Sitdown_p13_r00_v11_c01,12,Sitdown
Enter_p06_r01_v27_c01,14,Enter
Sitdown_p20_r06_v09_c01,12,Sitdown
Eat.Attable_p09_r20_v08_c01,17,Eat.Attable
Drink.Fromcan_p14_r04_v10_c01,21,Drink.Fromcan
Getup_p06_r02_v14_c01,11,Getup
Eat.Attable_p09_r19_v08_c01,17,Eat.Attable
Drink.Fromcup_p19_r06_v10_c01,5,Drink.Fromcup
Cutbread_p18_r03_v09_c01,28,Cutbread
Eat.Attable_p07_r38_v08_c01,17,Eat.Attable
Pour.Frombottle_p25_r02_v11_c01,20,Pour.Frombottle
Eat.Attable_p16_r02_v06_c01,17,Eat.Attable
Drink.Fromcup_p14_r04_v09_c01,5,Drink.Fromcup
Usetelephone_p03_r02_v11_c01,16,Usetelephone
Drink.Fromcup_p06_r00_v27_c01,5,Drink.Fromcup
Eat.Attable_p04_r06_v12_c01,17,Eat.Attable
Usetelephone_p10_r03_v09_c01,16,Usetelephone
Pour.Frombottle_p19_r00_v09_c01,20,Pour.Frombottle
Eat.Attable_p13_r21_v19_c01,17,Eat.Attable
Sitdown_p20_r01_v09_c01,12,Sitdown
Eat.Attable_p02_r01_v11_c01,17,Eat.Attable
Sitdown_p06_r04_v09_c01,12,Sitdown
Getup_p10_r01_v09_c01,11,Getup
Usetablet_p20_r02_v10_c01,25,Usetablet
Drink.Fromcup_p15_r01_v09_c01,5,Drink.Fromcup
Walk_p09_r01_v09_c01,1,Walk
Drink.Frombottle_p06_r00_v10_c01,0,Drink.Frombottle
Sitdown_p10_r13_v09_c01,12,Sitdown
Eat.Attable_p25_r04_v09_c01,17,Eat.Attable
Uselaptop_p14_r01_v10_c01,4,Uselaptop
Sitdown_p19_r03_v08_c01,12,Sitdown
Pour.Fromcan_p13_r01_v11_c01,27,Pour.Fromcan
Readbook_p06_r00_v14_c01,7,Readbook
Sitdown_p10_r06_v10_c01,12,Sitdown
Getup_p15_r01_v12_c01,11,Getup
Drink.Fromcup_p14_r02_v09_c01,5,Drink.Fromcup
Walk_p03_r06_v12_c01,1,Walk
Eat.Attable_p11_r48_v08_c01,17,Eat.Attable
Getup_p11_r01_v09_c01,11,Getup
Readbook_p25_r02_v10_c01,7,Readbook
Drink.Frombottle_p07_r00_v10_c01,0,Drink.Frombottle
Takepills_p06_r00_v10_c01,15,Takepills
Sitdown_p10_r01_v10_c01,12,Sitdown
Sitdown_p14_r06_v13_c01,12,Sitdown
Sitdown_p13_r00_v13_c01,12,Sitdown
Drink.Fromcup_p11_r01_v08_c01,5,Drink.Fromcup
Sitdown_p10_r00_v10_c01,12,Sitdown
Eat.Attable_p09_r09_v08_c01,17,Eat.Attable
Getup_p11_r01_v15_c01,11,Getup
Drink.Fromcup_p13_r04_v11_c01,5,Drink.Fromcup
Readbook_p17_r02_v08_c01,7,Readbook
Takepills_p11_r00_v09_c01,15,Takepills
Eat.Attable_p09_r29_v08_c01,17,Eat.Attable
Enter_p04_r00_v10_c01,14,Enter
Usetelephone_p14_r00_v11_c01,16,Usetelephone
Eat.Attable_p13_r11_v19_c01,17,Eat.Attable
Readbook_p19_r02_v08_c01,7,Readbook
Drink.Fromcup_p07_r03_v08_c01,5,Drink.Fromcup
Leave_p06_r03_v15_c01,8,Leave
Uselaptop_p14_r00_v10_c01,4,Uselaptop
Sitdown_p03_r03_v12_c01,12,Sitdown
Readbook_p19_r07_v08_c01,7,Readbook
Eat.Attable_p17_r05_v10_c01,17,Eat.Attable
Sitdown_p13_r00_v19_c01,12,Sitdown
Sitdown_p06_r00_v26_c01,12,Sitdown
Drink.Fromcup_p13_r03_v11_c01,5,Drink.Fromcup
Getup_p06_r01_v09_c01,11,Getup
Drink.Fromcup_p18_r07_v12_c01,5,Drink.Fromcup
Drink.Fromcup_p13_r10_v19_c01,5,Drink.Fromcup
Usetelephone_p13_r02_v10_c01,16,Usetelephone
Eat.Attable_p13_r08_v09_c01,17,Eat.Attable
Leave_p06_r02_v27_c01,8,Leave
Getup_p10_r12_v10_c01,11,Getup
Usetelephone_p11_r00_v10_c01,16,Usetelephone
Getup_p14_r03_v11_c01,11,Getup
Drink.Fromcup_p20_r01_v11_c01,5,Drink.Fromcup
Walk_p03_r09_v12_c01,1,Walk
Drink.Fromcan_p11_r00_v10_c01,21,Drink.Fromcan
Drink.Fromcup_p16_r04_v09_c01,5,Drink.Fromcup
Drink.Fromcup_p19_r04_v10_c01,5,Drink.Fromcup
Eat.Attable_p09_r33_v08_c01,17,Eat.Attable
Readbook_p11_r02_v14_c01,7,Readbook
Eat.Attable_p13_r29_v19_c01,17,Eat.Attable
Drink.Fromcup_p20_r01_v09_c01,5,Drink.Fromcup
Getup_p07_r00_v12_c01,11,Getup
Walk_p20_r00_v11_c01,1,Walk
Sitdown_p13_r03_v12_c01,12,Sitdown
Sitdown_p20_r00_v11_c01,12,Sitdown
Eat.Attable_p09_r11_v08_c01,17,Eat.Attable
Eat.Attable_p16_r18_v06_c01,17,Eat.Attable
Eat.Attable_p20_r14_v08_c01,17,Eat.Attable
Drink.Fromcup_p15_r05_v08_c01,5,Drink.Fromcup
Usetablet_p06_r00_v27_c01,25,Usetablet
Drink.Fromcup_p13_r03_v09_c01,5,Drink.Fromcup
Drink.Fromcup_p19_r24_v07_c01,5,Drink.Fromcup
Eat.Attable_p16_r26_v06_c01,17,Eat.Attable
Takepills_p11_r00_v10_c01,15,Takepills
Walk_p06_r00_v14_c01,1,Walk
Readbook_p17_r04_v09_c01,7,Readbook
Drink.Fromcup_p19_r12_v08_c01,5,Drink.Fromcup
Drink.Fromcup_p13_r00_v13_c01,5,Drink.Fromcup
Drink.Fromcup_p19_r10_v07_c01,5,Drink.Fromcup
Drink.Fromcup_p02_r08_v11_c01,5,Drink.Fromcup
Eat.Attable_p11_r19_v08_c01,17,Eat.Attable
Readbook_p04_r06_v09_c01,7,Readbook
Drink.Fromcup_p04_r08_v09_c01,5,Drink.Fromcup
Drink.Fromcup_p06_r02_v10_c01,5,Drink.Fromcup
Eat.Attable_p16_r07_v06_c01,17,Eat.Attable
Pour.Frombottle_p13_r01_v12_c01,20,Pour.Frombottle
Drink.Fromcup_p19_r27_v07_c01,5,Drink.Fromcup
Eat.Attable_p07_r13_v08_c01,17,Eat.Attable
Eat.Attable_p14_r11_v09_c01,17,Eat.Attable
Getup_p10_r09_v09_c01,11,Getup
Drink.Fromcup_p09_r16_v08_c01,5,Drink.Fromcup
Readbook_p04_r12_v08_c01,7,Readbook
Drink.Fromcup_p18_r06_v12_c01,5,Drink.Fromcup
Drink.Fromcup_p13_r08_v19_c01,5,Drink.Fromcup
Eat.Attable_p07_r05_v08_c01,17,Eat.Attable
Uselaptop_p10_r01_v10_c01,4,Uselaptop
Eat.Attable_p02_r06_v11_c01,17,Eat.Attable
Drink.Fromcup_p19_r16_v07_c01,5,Drink.Fromcup
Drink.Fromcup_p20_r02_v11_c01,5,Drink.Fromcup
Eat.Attable_p20_r08_v08_c01,17,Eat.Attable
Getup_p18_r00_v12_c01,11,Getup
Walk_p17_r02_v09_c01,1,Walk
Eat.Attable_p13_r04_v09_c01,17,Eat.Attable
Readbook_p25_r05_v10_c01,7,Readbook
Sitdown_p06_r03_v15_c01,12,Sitdown
Drink.Fromcan_p25_r00_v11_c01,21,Drink.Fromcan
Eat.Attable_p14_r14_v09_c01,17,Eat.Attable
Drink.Fromcup_p20_r02_v09_c01,5,Drink.Fromcup
Drink.Fromcup_p15_r13_v08_c01,5,Drink.Fromcup
Walk_p03_r07_v12_c01,1,Walk
Getup_p14_r09_v10_c01,11,Getup
Sitdown_p06_r02_v15_c01,12,Sitdown
Usetelephone_p13_r00_v11_c01,16,Usetelephone
Sitdown_p06_r05_v10_c01,12,Sitdown
Eat.Attable_p07_r30_v08_c01,17,Eat.Attable
Drink.Fromcup_p15_r02_v12_c01,5,Drink.Fromcup
Sitdown_p14_r02_v10_c01,12,Sitdown
Eat.Attable_p20_r17_v08_c01,17,Eat.Attable
Leave_p06_r01_v11_c01,8,Leave
Drink.Frombottle_p13_r00_v13_c01,0,Drink.Frombottle
Readbook_p14_r01_v13_c01,7,Readbook
Drink.Fromcup_p14_r05_v09_c01,5,Drink.Fromcup
Sitdown_p20_r03_v10_c01,12,Sitdown
Eat.Attable_p17_r08_v10_c01,17,Eat.Attable
Getup_p06_r01_v27_c01,11,Getup
Eat.Attable_p13_r27_v19_c01,17,Eat.Attable
Drink.Fromcan_p07_r01_v10_c01,21,Drink.Fromcan
Usetelephone_p13_r04_v13_c01,16,Usetelephone
Eat.Attable_p16_r33_v06_c01,17,Eat.Attable
Eat.Attable_p07_r07_v08_c01,17,Eat.Attable
Eat.Attable_p17_r04_v10_c01,17,Eat.Attable
Cutbread_p14_r01_v09_c01,28,Cutbread
Sitdown_p19_r04_v10_c01,12,Sitdown
Eat.Attable_p07_r00_v08_c01,17,Eat.Attable
Eat.Attable_p07_r08_v08_c01,17,Eat.Attable
Drink.Fromcup_p15_r07_v08_c01,5,Drink.Fromcup
Eat.Attable_p06_r02_v07_c01,17,Eat.Attable
Readbook_p17_r03_v09_c01,7,Readbook
Eat.Attable_p19_r13_v07_c01,17,Eat.Attable
Drink.Fromcup_p19_r08_v07_c01,5,Drink.Fromcup
Getup_p04_r00_v12_c01,11,Getup
Pour.Frombottle_p17_r03_v09_c01,20,Pour.Frombottle
Eat.Attable_p13_r08_v19_c01,17,Eat.Attable
Sitdown_p06_r01_v10_c01,12,Sitdown
Uselaptop_p17_r03_v08_c01,4,Uselaptop
Takepills_p17_r01_v09_c01,15,Takepills
Drink.Fromcup_p04_r00_v08_c01,5,Drink.Fromcup
Enter_p09_r02_v08_c01,14,Enter
Getup_p14_r07_v10_c01,11,Getup
Readbook_p13_r04_v11_c01,7,Readbook
Eat.Attable_p19_r05_v07_c01,17,Eat.Attable
Drink.Fromcup_p19_r05_v08_c01,5,Drink.Fromcup
Getup_p07_r03_v10_c01,11,Getup
Eat.Attable_p11_r14_v08_c01,17,Eat.Attable
Getup_p03_r03_v11_c01,11,Getup
Eat.Attable_p07_r04_v08_c01,17,Eat.Attable
Eat.Attable_p13_r16_v19_c01,17,Eat.Attable
Eat.Attable_p13_r19_v09_c01,17,Eat.Attable
Walk_p18_r00_v11_c01,1,Walk
Walk_p03_r01_v11_c01,1,Walk
Sitdown_p16_r02_v09_c01,12,Sitdown
Eat.Attable_p02_r05_v11_c01,17,Eat.Attable
Drink.Fromcup_p09_r21_v08_c01,5,Drink.Fromcup
Getup_p25_r03_v10_c01,11,Getup
Readbook_p06_r01_v27_c01,7,Readbook
Sitdown_p17_r02_v09_c01,12,Sitdown
Readbook_p15_r00_v12_c01,7,Readbook
Getup_p15_r02_v11_c01,11,Getup
Walk_p03_r02_v12_c01,1,Walk
Drink.Fromcup_p16_r00_v11_c01,5,Drink.Fromcup
Readbook_p17_r00_v08_c01,7,Readbook
Readbook_p13_r02_v12_c01,7,Readbook
Eat.Attable_p04_r18_v08_c01,17,Eat.Attable
Getup_p13_r00_v19_c01,11,Getup
Getup_p10_r00_v09_c01,11,Getup
Readbook_p18_r00_v10_c01,7,Readbook
Sitdown_p06_r02_v11_c01,12,Sitdown
Eat.Attable_p02_r18_v11_c01,17,Eat.Attable
Readbook_p17_r01_v08_c01,7,Readbook
Getup_p15_r00_v08_c01,11,Getup
Sitdown_p10_r00_v09_c01,12,Sitdown
Walk_p15_r01_v12_c01,1,Walk
Eat.Attable_p20_r00_v08_c01,17,Eat.Attable
Eat.Attable_p09_r38_v08_c01,17,Eat.Attable
Eat.Attable_p04_r08_v08_c01,17,Eat.Attable
Readbook_p06_r00_v15_c01,7,Readbook
Eat.Attable_p20_r13_v08_c01,17,Eat.Attable
Getup_p10_r14_v09_c01,11,Getup
Usetelephone_p09_r00_v10_c01,16,Usetelephone
Takepills_p18_r00_v10_c01,15,Takepills
Eat.Snack_p15_r00_v12_c01,24,Eat.Snack
Sitdown_p17_r00_v10_c01,12,Sitdown
Drink.Fromcup_p06_r03_v08_c01,5,Drink.Fromcup
Drink.Fromcan_p06_r02_v14_c01,21,Drink.Fromcan
Eat.Attable_p02_r20_v11_c01,17,Eat.Attable
Getup_p17_r00_v09_c01,11,Getup
Pour.Frombottle_p10_r05_v10_c01,20,Pour.Frombottle
Sitdown_p04_r02_v13_c01,12,Sitdown
Eat.Attable_p06_r05_v07_c01,17,Eat.Attable
Drink.Fromcup_p19_r03_v09_c01,5,Drink.Fromcup
Eat.Attable_p11_r00_v08_c01,17,Eat.Attable
Walk_p03_r04_v13_c01,1,Walk
Eat.Attable_p09_r04_v08_c01,17,Eat.Attable
Readbook_p19_r01_v08_c01,7,Readbook
Drink.Fromcup_p14_r11_v11_c01,5,Drink.Fromcup
Getup_p09_r00_v10_c01,11,Getup
Enter_p10_r01_v09_c01,14,Enter
Walk_p11_r04_v15_c01,1,Walk
Eat.Attable_p07_r37_v08_c01,17,Eat.Attable
Sitdown_p07_r02_v10_c01,12,Sitdown
Getup_p25_r07_v10_c01,11,Getup
Drink.Fromcup_p19_r02_v10_c01,5,Drink.Fromcup
Sitdown_p19_r00_v07_c01,12,Sitdown
Drink.Fromcup_p15_r11_v08_c01,5,Drink.Fromcup
Usetelephone_p17_r03_v08_c01,16,Usetelephone
Drink.Fromcup_p15_r00_v09_c01,5,Drink.Fromcup
Eat.Attable_p18_r08_v09_c01,17,Eat.Attable
Drink.Fromcan_p15_r02_v10_c01,21,Drink.Fromcan
Getup_p06_r05_v09_c01,11,Getup
Pour.Frombottle_p17_r00_v10_c01,20,Pour.Frombottle
Drink.Fromcup_p13_r04_v12_c01,5,Drink.Fromcup
Eat.Attable_p04_r04_v08_c01,17,Eat.Attable
Sitdown_p10_r10_v09_c01,12,Sitdown
Enter_p09_r00_v08_c01,14,Enter
Drink.Fromcup_p06_r00_v07_c01,5,Drink.Fromcup
Getup_p07_r02_v10_c01,11,Getup
Drink.Fromcup_p19_r06_v09_c01,5,Drink.Fromcup
Eat.Attable_p09_r22_v08_c01,17,Eat.Attable
Getup_p20_r02_v11_c01,11,Getup
Drink.Fromcup_p06_r01_v07_c01,5,Drink.Fromcup
Readbook_p18_r01_v10_c01,7,Readbook
Drink.Frombottle_p14_r01_v11_c01,0,Drink.Frombottle
Sitdown_p17_r01_v10_c01,12,Sitdown
Getup_p14_r05_v11_c01,11,Getup
Drink.Fromcup_p13_r04_v09_c01,5,Drink.Fromcup
Drink.Fromcup_p15_r00_v11_c01,5,Drink.Fromcup
Eat.Attable_p14_r00_v09_c01,17,Eat.Attable
Getup_p06_r00_v27_c01,11,Getup
Sitdown_p14_r00_v11_c01,12,Sitdown
Eat.Attable_p02_r13_v11_c01,17,Eat.Attable
Getup_p09_r03_v11_c01,11,Getup
Readbook_p04_r09_v08_c01,7,Readbook
Eat.Attable_p09_r06_v09_c01,17,Eat.Attable
Sitdown_p20_r07_v09_c01,12,Sitdown
Getup_p03_r04_v13_c01,11,Getup
Usetelephone_p15_r01_v10_c01,16,Usetelephone
Takepills_p10_r01_v10_c01,15,Takepills
Drink.Fromcup_p04_r01_v10_c01,5,Drink.Fromcup
Walk_p09_r00_v09_c01,1,Walk
Leave_p06_r00_v27_c01,8,Leave
Drink.Fromcup_p20_r00_v08_c01,5,Drink.Fromcup
Getup_p09_r01_v11_c01,11,Getup
Getup_p18_r01_v11_c01,11,Getup
Eat.Attable_p07_r45_v08_c01,17,Eat.Attable
Drink.Fromcup_p13_r07_v19_c01,5,Drink.Fromcup
Eat.Attable_p13_r18_v19_c01,17,Eat.Attable
Drink.Fromcup_p13_r06_v19_c01,5,Drink.Fromcup
Takepills_p17_r00_v09_c01,15,Takepills
Sitdown_p10_r12_v10_c01,12,Sitdown
Sitdown_p03_r05_v12_c01,12,Sitdown
Walk_p03_r12_v13_c01,1,Walk
Drink.Fromcup_p19_r19_v07_c01,5,Drink.Fromcup
Usetablet_p03_r00_v12_c01,25,Usetablet
Uselaptop_p17_r08_v08_c01,4,Uselaptop
Getup_p19_r00_v10_c01,11,Getup
Getup_p06_r01_v08_c01,11,Getup
Cutbread_p18_r00_v09_c01,28,Cutbread
Walk_p07_r01_v09_c01,1,Walk
Pour.Frombottle_p14_r00_v13_c01,20,Pour.Frombottle
Getup_p17_r10_v09_c01,11,Getup
Getup_p07_r02_v09_c01,11,Getup
Getup_p14_r02_v11_c01,11,Getup
Sitdown_p09_r04_v09_c01,12,Sitdown
Eat.Attable_p16_r27_v06_c01,17,Eat.Attable
Drink.Fromcup_p19_r01_v08_c01,5,Drink.Fromcup
Sitdown_p20_r00_v09_c01,12,Sitdown
Eat.Attable_p06_r06_v07_c01,17,Eat.Attable
Drink.Fromcup_p13_r10_v11_c01,5,Drink.Fromcup
Getup_p10_r00_v10_c01,11,Getup
Getup_p06_r02_v11_c01,11,Getup
Readbook_p04_r01_v08_c01,7,Readbook
Drink.Fromcup_p04_r04_v08_c01,5,Drink.Fromcup
Enter_p06_r02_v26_c01,14,Enter
Eat.Attable_p09_r00_v09_c01,17,Eat.Attable
Drink.Fromcup_p13_r11_v19_c01,5,Drink.Fromcup
Sitdown_p06_r01_v15_c01,12,Sitdown
Drink.Fromcan_p11_r06_v09_c01,21,Drink.Fromcan
Eat.Attable_p07_r03_v08_c01,17,Eat.Attable
Eat.Attable_p02_r11_v11_c01,17,Eat.Attable
Eat.Attable_p11_r01_v08_c01,17,Eat.Attable
Eat.Snack_p19_r00_v10_c01,24,Eat.Snack
Enter_p09_r00_v11_c01,14,Enter
Sitdown_p25_r00_v09_c01,12,Sitdown
Pour.Frombottle_p06_r01_v09_c01,20,Pour.Frombottle
Readbook_p14_r00_v10_c01,7,Readbook
Uselaptop_p10_r03_v09_c01,4,Uselaptop
Walk_p15_r00_v10_c01,1,Walk
Eat.Attable_p11_r02_v08_c01,17,Eat.Attable
Eat.Attable_p19_r00_v07_c01,17,Eat.Attable
Drink.Fromcup_p13_r12_v11_c01,5,Drink.Fromcup
Sitdown_p13_r02_v11_c01,12,Sitdown
Uselaptop_p13_r00_v11_c01,4,Uselaptop
Drink.Fromcup_p13_r06_v11_c01,5,Drink.Fromcup
Drink.Fromcup_p09_r01_v08_c01,5,Drink.Fromcup
Readbook_p03_r02_v11_c01,7,Readbook
Eat.Attable_p02_r08_v11_c01,17,Eat.Attable
Sitdown_p15_r04_v11_c01,12,Sitdown
Drink.Fromcup_p13_r05_v19_c01,5,Drink.Fromcup
Leave_p03_r00_v11_c01,8,Leave
Drink.Fromcup_p02_r07_v11_c01,5,Drink.Fromcup
Readbook_p04_r02_v08_c01,7,Readbook
Drink.Fromcup_p09_r11_v08_c01,5,Drink.Fromcup
Leave_p09_r00_v09_c01,8,Leave
Sitdown_p14_r02_v11_c01,12,Sitdown
Eat.Attable_p09_r04_v09_c01,17,Eat.Attable
Eat.Attable_p14_r08_v09_c01,17,Eat.Attable
Drink.Fromcup_p19_r22_v07_c01,5,Drink.Fromcup
Drink.Fromcan_p15_r00_v09_c01,21,Drink.Fromcan
Walk_p15_r03_v10_c01,1,Walk
Getup_p06_r00_v10_c01,11,Getup
Drink.Fromcup_p17_r03_v09_c01,5,Drink.Fromcup
Getup_p14_r00_v13_c01,11,Getup
Drink.Fromcup_p03_r01_v11_c01,5,Drink.Fromcup
Eat.Attable_p13_r16_v09_c01,17,Eat.Attable
Drink.Fromglass_p25_r01_v11_c01,26,Drink.Fromglass
Uselaptop_p17_r04_v08_c01,4,Uselaptop
Eat.Attable_p13_r02_v09_c01,17,Eat.Attable
Eat.Attable_p13_r12_v09_c01,17,Eat.Attable
Sitdown_p14_r09_v10_c01,12,Sitdown
Eat.Attable_p16_r08_v06_c01,17,Eat.Attable
Drink.Fromcup_p03_r03_v11_c01,5,Drink.Fromcup
Drink.Fromcup_p13_r11_v11_c01,5,Drink.Fromcup
Usetelephone_p13_r02_v13_c01,16,Usetelephone
Getup_p20_r00_v11_c01,11,Getup
Getup_p25_r00_v09_c01,11,Getup
Walk_p09_r00_v10_c01,1,Walk
Readbook_p15_r00_v09_c01,7,Readbook
Eat.Attable_p02_r00_v11_c01,17,Eat.Attable
Walk_p03_r10_v12_c01,1,Walk
Sitdown_p16_r00_v06_c01,12,Sitdown
Drink.Fromcup_p04_r02_v08_c01,5,Drink.Fromcup
Walk_p11_r01_v15_c01,1,Walk
Drink.Fromcup_p16_r00_v09_c01,5,Drink.Fromcup
Drink.Fromcup_p18_r04_v09_c01,5,Drink.Fromcup
Drink.Fromcup_p13_r08_v11_c01,5,Drink.Fromcup
Getup_p04_r00_v08_c01,11,Getup
Drink.Fromcup_p19_r28_v07_c01,5,Drink.Fromcup
Sitdown_p09_r03_v09_c01,12,Sitdown
Drink.Fromcup_p14_r10_v11_c01,5,Drink.Fromcup
Drink.Fromcup_p11_r03_v14_c01,5,Drink.Fromcup
Drink.Fromcup_p13_r06_v10_c01,5,Drink.Fromcup
Drink.Fromcup_p02_r03_v11_c01,5,Drink.Fromcup
Drink.Fromcup_p13_r04_v10_c01,5,Drink.Fromcup
Drink.Fromcan_p14_r01_v10_c01,21,Drink.Fromcan
Pour.Frombottle_p10_r03_v10_c01,20,Pour.Frombottle
Eat.Attable_p09_r10_v08_c01,17,Eat.Attable
Walk_p15_r04_v10_c01,1,Walk
Sitdown_p17_r06_v09_c01,12,Sitdown
Sitdown_p14_r00_v13_c01,12,Sitdown
Sitdown_p03_r02_v11_c01,12,Sitdown
Drink.Fromcup_p13_r00_v12_c01,5,Drink.Fromcup
Sitdown_p17_r01_v08_c01,12,Sitdown
Drink.Fromcup_p15_r05_v12_c01,5,Drink.Fromcup
Eat.Attable_p02_r17_v11_c01,17,Eat.Attable
Drink.Fromcup_p04_r09_v09_c01,5,Drink.Fromcup
Getup_p18_r00_v11_c01,11,Getup
Drink.Fromcan_p25_r01_v10_c01,21,Drink.Fromcan
Drink.Frombottle_p17_r01_v09_c01,0,Drink.Frombottle
Pour.Frombottle_p18_r01_v12_c01,20,Pour.Frombottle
Uselaptop_p10_r03_v10_c01,4,Uselaptop
Drink.Fromcan_p15_r01_v11_c01,21,Drink.Fromcan
Eat.Attable_p09_r18_v08_c01,17,Eat.Attable
Sitdown_p15_r04_v09_c01,12,Sitdown
Sitdown_p10_r09_v09_c01,12,Sitdown
Getup_p14_r05_v13_c01,11,Getup
Eat.Attable_p16_r05_v06_c01,17,Eat.Attable
Usetelephone_p15_r00_v11_c01,16,Usetelephone
Eat.Attable_p09_r35_v08_c01,17,Eat.Attable
Usetelephone_p13_r01_v12_c01,16,Usetelephone
Drink.Fromcup_p13_r05_v12_c01,5,Drink.Fromcup
Eat.Attable_p18_r16_v09_c01,17,Eat.Attable
Uselaptop_p19_r01_v09_c01,4,Uselaptop
Eat.Attable_p11_r12_v08_c01,17,Eat.Attable
Enter_p06_r00_v14_c01,14,Enter
Pour.Fromcan_p15_r01_v11_c01,27,Pour.Fromcan
Eat.Attable_p20_r11_v08_c01,17,Eat.Attable
Sitdown_p20_r02_v11_c01,12,Sitdown
Eat.Attable_p11_r15_v08_c01,17,Eat.Attable
Walk_p25_r06_v17_c01,1,Walk
Getup_p06_r05_v10_c01,11,Getup
Cutbread_p14_r00_v09_c01,28,Cutbread
Readbook_p13_r01_v12_c01,7,Readbook
Readbook_p19_r08_v08_c01,7,Readbook
Drink.Fromcup_p19_r12_v07_c01,5,Drink.Fromcup
Readbook_p25_r02_v11_c01,7,Readbook
Drink.Fromcup_p16_r01_v06_c01,5,Drink.Fromcup
Sitdown_p25_r04_v11_c01,12,Sitdown
Eat.Attable_p13_r34_v19_c01,17,Eat.Attable
Walk_p03_r08_v13_c01,1,Walk
Drink.Fromcup_p16_r01_v11_c01,5,Drink.Fromcup
Drink.Fromcup_p19_r23_v07_c01,5,Drink.Fromcup
Pour.Frombottle_p10_r12_v10_c01,20,Pour.Frombottle
Eat.Attable_p13_r03_v09_c01,17,Eat.Attable
Leave_p09_r01_v11_c01,8,Leave
Drink.Fromcup_p09_r19_v08_c01,5,Drink.Fromcup
Getup_p07_r01_v10_c01,11,Getup
Uselaptop_p06_r00_v15_c01,4,Uselaptop
Sitdown_p16_r00_v07_c01,12,Sitdown
Uselaptop_p15_r01_v11_c01,4,Uselaptop
Drink.Fromcup_p06_r01_v09_c01,5,Drink.Fromcup
Uselaptop_p20_r00_v09_c01,4,Uselaptop
Getup_p20_r09_v09_c01,11,Getup
Uselaptop_p15_r02_v11_c01,4,Uselaptop
Uselaptop_p10_r07_v10_c01,4,Uselaptop
Sitdown_p14_r01_v13_c01,12,Sitdown
Sitdown_p10_r07_v09_c01,12,Sitdown
Eat.Attable_p07_r41_v08_c01,17,Eat.Attable
Readbook_p06_r01_v08_c01,7,Readbook
Drink.Fromcan_p11_r01_v10_c01,21,Drink.Fromcan
Eat.Attable_p14_r07_v09_c01,17,Eat.Attable
Getup_p14_r01_v13_c01,11,Getup
Uselaptop_p11_r03_v09_c01,4,Uselaptop
Pour.Frombottle_p14_r00_v11_c01,20,Pour.Frombottle
Sitdown_p10_r04_v10_c01,12,Sitdown
Cutbread_p04_r02_v08_c01,28,Cutbread
Eat.Attable_p07_r36_v08_c01,17,Eat.Attable
Sitdown_p03_r06_v11_c01,12,Sitdown
Uselaptop_p14_r00_v11_c01,4,Uselaptop
Drink.Fromcup_p13_r11_v10_c01,5,Drink.Fromcup
Sitdown_p11_r00_v10_c01,12,Sitdown
Pour.Frombottle_p19_r00_v08_c01,20,Pour.Frombottle
Uselaptop_p19_r06_v10_c01,4,Uselaptop
Eat.Attable_p06_r07_v07_c01,17,Eat.Attable
Getup_p25_r04_v11_c01,11,Getup
Takepills_p25_r00_v11_c01,15,Takepills
Readbook_p14_r03_v11_c01,7,Readbook
Getup_p19_r01_v10_c01,11,Getup
Pour.Fromcan_p15_r01_v09_c01,27,Pour.Fromcan
Drink.Frombottle_p14_r00_v13_c01,0,Drink.Frombottle
Eat.Attable_p11_r04_v08_c01,17,Eat.Attable
Getup_p06_r04_v10_c01,11,Getup
Drink.Fromcup_p20_r04_v09_c01,5,Drink.Fromcup
Sitdown_p16_r01_v09_c01,12,Sitdown
Usetelephone_p06_r00_v09_c01,16,Usetelephone
Drink.Fromcup_p13_r02_v09_c01,5,Drink.Fromcup
Drink.Fromcup_p09_r03_v08_c01,5,Drink.Fromcup
Readbook_p14_r03_v13_c01,7,Readbook
Drink.Fromcup_p13_r07_v10_c01,5,Drink.Fromcup
Cutbread_p13_r00_v09_c01,28,Cutbread
Usetelephone_p13_r00_v13_c01,16,Usetelephone
Walk_p16_r00_v10_c01,1,Walk
Sitdown_p09_r00_v08_c01,12,Sitdown
Getup_p10_r03_v09_c01,11,Getup
Eat.Attable_p20_r19_v08_c01,17,Eat.Attable
Getup_p02_r01_v11_c01,11,Getup
Readbook_p04_r07_v08_c01,7,Readbook
Drink.Fromcup_p18_r08_v12_c01,5,Drink.Fromcup
Walk_p03_r08_v12_c01,1,Walk
Walk_p17_r04_v09_c01,1,Walk
Readbook_p04_r01_v13_c01,7,Readbook
Drink.Fromcan_p14_r02_v10_c01,21,Drink.Fromcan
Drink.Fromcan_p15_r00_v11_c01,21,Drink.Fromcan
Drink.Fromcup_p06_r04_v08_c01,5,Drink.Fromcup
Sitdown_p17_r02_v08_c01,12,Sitdown
Uselaptop_p15_r00_v12_c01,4,Uselaptop
Eat.Attable_p13_r00_v19_c01,17,Eat.Attable
Eat.Attable_p04_r07_v08_c01,17,Eat.Attable
Sitdown_p09_r06_v09_c01,12,Sitdown
Leave_p06_r00_v14_c01,8,Leave
Drink.Fromcan_p06_r01_v11_c01,21,Drink.Fromcan
Eat.Attable_p03_r01_v10_c01,17,Eat.Attable
Drink.Frombottle_p15_r00_v11_c01,0,Drink.Frombottle
Takepills_p15_r00_v10_c01,15,Takepills
Readbook_p06_r08_v07_c01,7,Readbook
Walk_p03_r01_v13_c01,1,Walk
Getup_p20_r01_v10_c01,11,Getup
Drink.Fromcup_p16_r04_v07_c01,5,Drink.Fromcup
Walk_p03_r10_v13_c01,1,Walk
Uselaptop_p15_r00_v10_c01,4,Uselaptop
Drink.Fromcup_p06_r00_v09_c01,5,Drink.Fromcup
Getup_p18_r00_v09_c01,11,Getup
Sitdown_p06_r01_v14_c01,12,Sitdown
Eat.Attable_p07_r19_v08_c01,17,Eat.Attable
Drink.Fromcup_p15_r04_v12_c01,5,Drink.Fromcup
Eat.Attable_p20_r04_v08_c01,17,Eat.Attable
Drink.Fromcup_p14_r03_v13_c01,5,Drink.Fromcup
Takepills_p13_r00_v13_c01,15,Takepills
Uselaptop_p10_r08_v10_c01,4,Uselaptop
Eat.Attable_p04_r10_v08_c01,17,Eat.Attable
Eat.Attable_p02_r14_v11_c01,17,Eat.Attable
Enter_p09_r00_v10_c01,14,Enter
Eat.Attable_p09_r23_v08_c01,17,Eat.Attable
Drink.Fromcup_p16_r03_v09_c01,5,Drink.Fromcup
Drink.Fromcup_p13_r03_v13_c01,5,Drink.Fromcup
Getup_p10_r11_v10_c01,11,Getup
Readbook_p06_r03_v11_c01,7,Readbook
Sitdown_p18_r01_v09_c01,12,Sitdown
Sitdown_p20_r03_v09_c01,12,Sitdown
Drink.Fromcup_p18_r05_v12_c01,5,Drink.Fromcup
Eat.Attable_p11_r10_v08_c01,17,Eat.Attable
Drink.Fromcan_p14_r00_v11_c01,21,Drink.Fromcan
Leave_p09_r00_v08_c01,8,Leave
Drink.Fromcup_p19_r07_v08_c01,5,Drink.Fromcup
Readbook_p19_r02_v07_c01,7,Readbook
Eat.Attable_p16_r28_v06_c01,17,Eat.Attable
Eat.Attable_p13_r10_v09_c01,17,Eat.Attable
Eat.Attable_p18_r00_v09_c01,17,Eat.Attable
Drink.Fromcup_p15_r01_v12_c01,5,Drink.Fromcup
Drink.Fromcup_p15_r04_v09_c01,5,Drink.Fromcup
Drink.Fromcup_p15_r02_v09_c01,5,Drink.Fromcup
Sitdown_p14_r01_v10_c01,12,Sitdown
Sitdown_p13_r04_v10_c01,12,Sitdown
Eat.Attable_p04_r00_v08_c01,17,Eat.Attable
Sitdown_p20_r04_v09_c01,12,Sitdown
Drink.Fromcup_p15_r08_v08_c01,5,Drink.Fromcup
Drink.Fromcup_p13_r02_v10_c01,5,Drink.Fromcup
Readbook_p13_r04_v10_c01,7,Readbook
Uselaptop_p11_r00_v14_c01,4,Uselaptop
Eat.Attable_p25_r01_v17_c01,17,Eat.Attable
Drink.Fromcup_p11_r01_v14_c01,5,Drink.Fromcup
Sitdown_p13_r00_v12_c01,12,Sitdown
Eat.Attable_p04_r03_v12_c01,17,Eat.Attable
Eat.Attable_p09_r17_v08_c01,17,Eat.Attable
Drink.Fromcup_p25_r01_v10_c01,5,Drink.Fromcup
Sitdown_p09_r04_v11_c01,12,Sitdown
Drink.Fromcup_p06_r05_v26_c01,5,Drink.Fromcup
Eat.Attable_p16_r03_v06_c01,17,Eat.Attable
Eat.Attable_p07_r12_v08_c01,17,Eat.Attable
Drink.Fromcup_p13_r01_v10_c01,5,Drink.Fromcup
Getup_p14_r02_v13_c01,11,Getup
Eat.Attable_p13_r00_v09_c01,17,Eat.Attable
Readbook_p19_r00_v09_c01,7,Readbook
Eat.Attable_p13_r05_v19_c01,17,Eat.Attable
Takepills_p10_r00_v09_c01,15,Takepills
Cutbread_p18_r02_v09_c01,28,Cutbread
Pour.Fromcan_p13_r03_v11_c01,27,Pour.Fromcan
Walk_p06_r00_v08_c01,1,Walk
Readbook_p11_r00_v08_c01,7,Readbook
Eat.Attable_p20_r18_v08_c01,17,Eat.Attable
Drink.Fromcup_p04_r00_v12_c01,5,Drink.Fromcup
Readbook_p25_r01_v10_c01,7,Readbook
Readbook_p14_r01_v10_c01,7,Readbook
Drink.Fromcup_p13_r09_v10_c01,5,Drink.Fromcup
Readbook_p17_r07_v08_c01,7,Readbook
Usetelephone_p11_r00_v09_c01,16,Usetelephone
Uselaptop_p11_r04_v09_c01,4,Uselaptop
Getup_p09_r04_v09_c01,11,Getup
Eat.Attable_p07_r31_v08_c01,17,Eat.Attable
Eat.Attable_p16_r25_v06_c01,17,Eat.Attable
Getup_p17_r01_v08_c01,11,Getup
Usetelephone_p03_r01_v12_c01,16,Usetelephone
Sitdown_p03_r04_v12_c01,12,Sitdown
Drink.Frombottle_p06_r01_v10_c01,0,Drink.Frombottle
Cutbread_p18_r01_v09_c01,28,Cutbread
Drink.Fromcup_p13_r05_v09_c01,5,Drink.Fromcup
Drink.Fromcup_p18_r07_v09_c01,5,Drink.Fromcup
Getup_p19_r00_v08_c01,11,Getup
Walk_p11_r03_v15_c01,1,Walk
Getup_p02_r00_v11_c01,11,Getup
Eat.Attable_p16_r13_v06_c01,17,Eat.Attable
Eat.Attable_p18_r32_v09_c01,17,Eat.Attable
Drink.Fromcup_p16_r03_v11_c01,5,Drink.Fromcup
Getup_p13_r01_v11_c01,11,Getup
Drink.Fromcup_p16_r07_v06_c01,5,Drink.Fromcup
Enter_p06_r03_v15_c01,14,Enter
Sitdown_p19_r03_v10_c01,12,Sitdown
Getup_p06_r03_v14_c01,11,Getup
Eat.Attable_p16_r32_v06_c01,17,Eat.Attable
Sitdown_p19_r02_v10_c01,12,Sitdown
Usetelephone_p10_r00_v09_c01,16,Usetelephone
Drink.Fromcan_p15_r01_v10_c01,21,Drink.Fromcan
Eat.Attable_p20_r01_v08_c01,17,Eat.Attable
Eat.Attable_p07_r27_v08_c01,17,Eat.Attable
Eat.Attable_p17_r01_v10_c01,17,Eat.Attable
Eat.Snack_p06_r01_v11_c01,24,Eat.Snack
Leave_p06_r00_v11_c01,8,Leave
Eat.Attable_p16_r22_v06_c01,17,Eat.Attable
Usetablet_p09_r00_v11_c01,25,Usetablet
Drink.Fromcup_p02_r02_v11_c01,5,Drink.Fromcup
Drink.Fromcup_p06_r01_v08_c01,5,Drink.Fromcup
Drink.Fromcan_p14_r00_v10_c01,21,Drink.Fromcan
Drink.Fromcup_p13_r00_v11_c01,5,Drink.Fromcup
Sitdown_p06_r00_v14_c01,12,Sitdown
Drink.Fromcup_p02_r10_v11_c01,5,Drink.Fromcup
Drink.Fromcup_p02_r06_v11_c01,5,Drink.Fromcup
Eat.Attable_p07_r20_v08_c01,17,Eat.Attable
Walk_p03_r04_v12_c01,1,Walk
Enter_p06_r00_v07_c01,14,Enter
Drink.Fromcup_p10_r00_v09_c01,5,Drink.Fromcup
Getup_p19_r03_v08_c01,11,Getup
Sitdown_p13_r07_v10_c01,12,Sitdown
Eat.Attable_p06_r08_v07_c01,17,Eat.Attable
Sitdown_p03_r01_v12_c01,12,Sitdown
Readbook_p06_r09_v07_c01,7,Readbook
Uselaptop_p10_r00_v10_c01,4,Uselaptop
Readbook_p14_r02_v11_c01,7,Readbook
Sitdown_p10_r02_v10_c01,12,Sitdown
Drink.Fromcup_p17_r03_v10_c01,5,Drink.Fromcup
Sitdown_p06_r04_v10_c01,12,Sitdown
Uselaptop_p19_r04_v10_c01,4,Uselaptop
Readbook_p06_r02_v07_c01,7,Readbook
Drink.Fromcup_p19_r13_v07_c01,5,Drink.Fromcup
Getup_p16_r01_v10_c01,11,Getup
Drink.Fromcup_p11_r03_v08_c01,5,Drink.Fromcup
Pour.Frombottle_p16_r00_v07_c01,20,Pour.Frombottle
Uselaptop_p13_r00_v10_c01,4,Uselaptop
Eat.Attable_p09_r24_v08_c01,17,Eat.Attable
Getup_p19_r05_v10_c01,11,Getup
Sitdown_p16_r01_v10_c01,12,Sitdown
Drink.Fromcup_p13_r01_v11_c01,5,Drink.Fromcup
Pour.Frombottle_p10_r04_v10_c01,20,Pour.Frombottle
Eat.Attable_p25_r06_v09_c01,17,Eat.Attable
Eat.Attable_p18_r07_v09_c01,17,Eat.Attable
Walk_p03_r12_v12_c01,1,Walk
Drink.Fromcup_p04_r10_v09_c01,5,Drink.Fromcup
Drink.Fromcup_p19_r01_v09_c01,5,Drink.Fromcup
Getup_p04_r01_v13_c01,11,Getup
Sitdown_p25_r08_v10_c01,12,Sitdown
Eat.Attable_p04_r15_v08_c01,17,Eat.Attable
Drink.Fromcup_p19_r04_v08_c01,5,Drink.Fromcup
Uselaptop_p15_r00_v11_c01,4,Uselaptop
Drink.Fromcup_p18_r06_v09_c01,5,Drink.Fromcup
Drink.Fromcup_p20_r03_v09_c01,5,Drink.Fromcup
Eat.Attable_p09_r06_v08_c01,17,Eat.Attable
Eat.Attable_p25_r02_v09_c01,17,Eat.Attable
Drink.Fromcup_p10_r11_v10_c01,5,Drink.Fromcup
Sitdown_p20_r01_v08_c01,12,Sitdown
Eat.Attable_p13_r25_v19_c01,17,Eat.Attable
Getup_p20_r00_v10_c01,11,Getup
Eat.Attable_p07_r29_v08_c01,17,Eat.Attable
Walk_p03_r00_v11_c01,1,Walk
Walk_p16_r00_v07_c01,1,Walk
Pour.Frombottle_p13_r00_v11_c01,20,Pour.Frombottle
Sitdown_p06_r00_v15_c01,12,Sitdown
Eat.Attable_p09_r14_v08_c01,17,Eat.Attable
Drink.Fromcup_p09_r20_v08_c01,5,Drink.Fromcup
Walk_p17_r01_v09_c01,1,Walk
Eat.Attable_p13_r33_v19_c01,17,Eat.Attable
Walk_p16_r01_v10_c01,1,Walk
Getup_p06_r00_v08_c01,11,Getup
Eat.Attable_p11_r03_v08_c01,17,Eat.Attable
Sitdown_p17_r08_v09_c01,12,Sitdown
Drink.Fromcan_p07_r02_v10_c01,21,Drink.Fromcan
Readbook_p25_r00_v09_c01,7,Readbook
Drink.Fromglass_p25_r00_v09_c01,26,Drink.Fromglass
Eat.Attable_p16_r31_v06_c01,17,Eat.Attable
Eat.Attable_p03_r02_v10_c01,17,Eat.Attable
Drink.Fromcup_p06_r05_v08_c01,5,Drink.Fromcup
Sitdown_p10_r05_v10_c01,12,Sitdown
Readbook_p18_r02_v09_c01,7,Readbook
Uselaptop_p20_r01_v09_c01,4,Uselaptop
Eat.Attable_p14_r06_v09_c01,17,Eat.Attable
Drink.Fromcup_p19_r14_v07_c01,5,Drink.Fromcup
Drink.Fromcup_p07_r01_v08_c01,5,Drink.Fromcup
Readbook_p17_r10_v08_c01,7,Readbook
Takepills_p18_r00_v09_c01,15,Takepills
Sitdown_p13_r03_v13_c01,12,Sitdown
Eat.Attable_p06_r01_v07_c01,17,Eat.Attable
Drink.Frombottle_p14_r00_v10_c01,0,Drink.Frombottle
Readbook_p04_r11_v08_c01,7,Readbook
Readbook_p06_r01_v07_c01,7,Readbook
Sitdown_p09_r03_v10_c01,12,Sitdown
Usetelephone_p14_r01_v10_c01,16,Usetelephone
Drink.Fromcup_p14_r03_v09_c01,5,Drink.Fromcup
Pour.Frombottle_p17_r02_v09_c01,20,Pour.Frombottle
Sitdown_p17_r01_v09_c01,12,Sitdown
Walk_p09_r01_v11_c01,1,Walk
Pour.Frombottle_p02_r00_v11_c01,20,Pour.Frombottle
Getup_p14_r01_v10_c01,11,Getup
Drink.Fromcup_p18_r01_v12_c01,5,Drink.Fromcup
Sitdown_p20_r00_v10_c01,12,Sitdown
Getup_p11_r00_v09_c01,11,Getup
Sitdown_p20_r01_v10_c01,12,Sitdown
Drink.Fromcup_p09_r04_v10_c01,5,Drink.Fromcup
Drink.Fromcup_p15_r07_v09_c01,5,Drink.Fromcup
Drink.Fromcup_p19_r14_v08_c01,5,Drink.Fromcup
Getup_p06_r00_v09_c01,11,Getup
Leave_p06_r02_v26_c01,8,Leave
Drink.Fromcup_p18_r00_v11_c01,5,Drink.Fromcup
Sitdown_p25_r00_v17_c01,12,Sitdown
Readbook_p04_r03_v08_c01,7,Readbook
Eat.Attable_p16_r19_v06_c01,17,Eat.Attable
Drink.Fromglass_p25_r00_v11_c01,26,Drink.Fromglass
Sitdown_p18_r05_v12_c01,12,Sitdown
Drink.Fromcup_p09_r05_v09_c01,5,Drink.Fromcup
Pour.Frombottle_p10_r11_v10_c01,20,Pour.Frombottle
Drink.Fromcup_p16_r01_v07_c01,5,Drink.Fromcup
Drink.Fromcup_p14_r08_v11_c01,5,Drink.Fromcup
Drink.Fromcup_p13_r02_v12_c01,5,Drink.Fromcup
Eat.Attable_p19_r11_v07_c01,17,Eat.Attable
Cutbread_p16_r00_v06_c01,28,Cutbread
Pour.Frombottle_p18_r00_v11_c01,20,Pour.Frombottle
Eat.Attable_p19_r03_v09_c01,17,Eat.Attable
Getup_p19_r01_v08_c01,11,Getup
Eat.Attable_p09_r12_v08_c01,17,Eat.Attable
Takepills_p07_r00_v10_c01,15,Takepills
Eat.Attable_p11_r13_v08_c01,17,Eat.Attable
Sitdown_p13_r01_v11_c01,12,Sitdown
Readbook_p06_r04_v11_c01,7,Readbook
Leave_p09_r04_v08_c01,8,Leave
Drink.Fromcup_p18_r01_v09_c01,5,Drink.Fromcup
Cutbread_p11_r00_v08_c01,28,Cutbread
Drink.Fromcup_p18_r03_v12_c01,5,Drink.Fromcup
Readbook_p04_r08_v08_c01,7,Readbook
Takepills_p10_r02_v10_c01,15,Takepills
Eat.Attable_p18_r12_v09_c01,17,Eat.Attable
Eat.Attable_p13_r13_v09_c01,17,Eat.Attable
Drink.Fromcup_p19_r10_v08_c01,5,Drink.Fromcup
Usetelephone_p18_r02_v10_c01,16,Usetelephone
Uselaptop_p10_r04_v10_c01,4,Uselaptop
Uselaptop_p04_r01_v13_c01,4,Uselaptop
Drink.Fromcup_p13_r08_v10_c01,5,Drink.Fromcup
Uselaptop_p15_r02_v09_c01,4,Uselaptop
Drink.Fromcup_p20_r00_v11_c01,5,Drink.Fromcup
Sitdown_p10_r11_v10_c01,12,Sitdown
Eat.Attable_p09_r03_v09_c01,17,Eat.Attable
Drink.Fromcup_p11_r04_v08_c01,5,Drink.Fromcup
Sitdown_p10_r13_v10_c01,12,Sitdown
Readbook_p17_r01_v09_c01,7,Readbook
Eat.Attable_p09_r37_v08_c01,17,Eat.Attable
Uselaptop_p25_r00_v10_c01,4,Uselaptop
Pour.Frombottle_p25_r00_v10_c01,20,Pour.Frombottle
Cutbread_p25_r00_v17_c01,28,Cutbread
Readbook_p17_r08_v08_c01,7,Readbook
Drink.Fromglass_p25_r03_v11_c01,26,Drink.Fromglass
Drink.Fromcup_p09_r03_v09_c01,5,Drink.Fromcup
Drink.Fromcup_p13_r04_v19_c01,5,Drink.Fromcup
Readbook_p13_r00_v11_c01,7,Readbook
Drink.Frombottle_p15_r02_v10_c01,0,Drink.Frombottle
Drink.Fromcup_p19_r20_v07_c01,5,Drink.Fromcup
Eat.Attable_p16_r10_v06_c01,17,Eat.Attable
Walk_p25_r04_v17_c01,1,Walk
Drink.Fromcup_p13_r05_v10_c01,5,Drink.Fromcup
Uselaptop_p11_r02_v14_c01,4,Uselaptop
Sitdown_p14_r08_v10_c01,12,Sitdown
Drink.Fromcup_p17_r00_v10_c01,5,Drink.Fromcup
Eat.Attable_p13_r31_v19_c01,17,Eat.Attable
Getup_p07_r00_v10_c01,11,Getup
Getup_p25_r00_v11_c01,11,Getup
Sitdown_p19_r00_v09_c01,12,Sitdown
Uselaptop_p06_r00_v11_c01,4,Uselaptop
Usetelephone_p19_r00_v10_c01,16,Usetelephone
Usetelephone_p06_r01_v14_c01,16,Usetelephone
Sitdown_p15_r00_v11_c01,12,Sitdown
Eat.Attable_p11_r47_v08_c01,17,Eat.Attable
Pour.Frombottle_p07_r00_v10_c01,20,Pour.Frombottle
Drink.Fromcup_p07_r04_v08_c01,5,Drink.Fromcup
Eat.Attable_p13_r19_v19_c01,17,Eat.Attable
Readbook_p04_r04_v08_c01,7,Readbook
Drink.Fromcup_p10_r09_v10_c01,5,Drink.Fromcup
Getup_p04_r00_v10_c01,11,Getup
Sitdown_p03_r04_v11_c01,12,Sitdown
Sitdown_p18_r00_v12_c01,12,Sitdown
Takepills_p20_r00_v10_c01,15,Takepills
Walk_p17_r03_v09_c01,1,Walk
Drink.Fromcup_p15_r10_v08_c01,5,Drink.Fromcup
Eat.Attable_p09_r01_v09_c01,17,Eat.Attable
Drink.Fromcup_p09_r08_v08_c01,5,Drink.Fromcup
Eat.Attable_p02_r15_v11_c01,17,Eat.Attable
Eat.Attable_p11_r07_v08_c01,17,Eat.Attable
Drink.Fromcup_p19_r09_v08_c01,5,Drink.Fromcup
Eat.Attable_p02_r12_v11_c01,17,Eat.Attable
Eat.Attable_p11_r51_v08_c01,17,Eat.Attable
Sitdown_p06_r00_v11_c01,12,Sitdown
Getup_p09_r02_v10_c01,11,Getup
Drink.Fromcup_p03_r00_v10_c01,5,Drink.Fromcup
Sitdown_p17_r04_v09_c01,12,Sitdown
Readbook_p16_r01_v09_c01,7,Readbook
Drink.Fromcup_p06_r04_v26_c01,5,Drink.Fromcup
Drink.Fromcup_p13_r05_v11_c01,5,Drink.Fromcup
Eat.Attable_p16_r17_v06_c01,17,Eat.Attable
Readbook_p16_r06_v09_c01,7,Readbook
Walk_p17_r00_v09_c01,1,Walk
Getup_p09_r05_v10_c01,11,Getup
Drink.Fromcup_p04_r07_v09_c01,5,Drink.Fromcup
Getup_p17_r04_v08_c01,11,Getup
Sitdown_p09_r02_v10_c01,12,Sitdown
Drink.Fromcan_p06_r05_v11_c01,21,Drink.Fromcan
Drink.Fromcan_p15_r00_v10_c01,21,Drink.Fromcan
Uselaptop_p11_r00_v10_c01,4,Uselaptop
Eat.Attable_p02_r16_v11_c01,17,Eat.Attable
Drink.Fromcup_p19_r00_v10_c01,5,Drink.Fromcup
Getup_p15_r01_v08_c01,11,Getup
Pour.Frombottle_p16_r00_v09_c01,20,Pour.Frombottle
Drink.Fromcup_p19_r04_v07_c01,5,Drink.Fromcup
Drink.Fromcup_p19_r00_v07_c01,5,Drink.Fromcup
Getup_p06_r03_v10_c01,11,Getup
Eat.Attable_p11_r20_v08_c01,17,Eat.Attable
Usetelephone_p03_r02_v12_c01,16,Usetelephone
Eat.Attable_p04_r25_v08_c01,17,Eat.Attable
Eat.Attable_p09_r08_v08_c01,17,Eat.Attable
Pour.Frombottle_p10_r01_v10_c01,20,Pour.Frombottle
Getup_p10_r09_v10_c01,11,Getup
Takepills_p11_r00_v15_c01,15,Takepills
Readbook_p19_r05_v08_c01,7,Readbook
Readbook_p17_r12_v08_c01,7,Readbook
Sitdown_p16_r00_v10_c01,12,Sitdown
Eat.Attable_p14_r05_v09_c01,17,Eat.Attable
Enter_p09_r03_v08_c01,14,Enter
Sitdown_p15_r02_v11_c01,12,Sitdown
Eat.Attable_p04_r19_v08_c01,17,Eat.Attable
Drink.Fromcup_p15_r01_v10_c01,5,Drink.Fromcup
Leave_p06_r00_v15_c01,8,Leave
Drink.Fromcup_p17_r04_v10_c01,5,Drink.Fromcup
Takepills_p17_r04_v09_c01,15,Takepills
Pour.Fromcan_p13_r02_v11_c01,27,Pour.Fromcan
Readbook_p06_r00_v11_c01,7,Readbook
Walk_p03_r09_v13_c01,1,Walk
Readbook_p20_r00_v09_c01,7,Readbook
Readbook_p13_r01_v10_c01,7,Readbook
Sitdown_p10_r03_v10_c01,12,Sitdown
Drink.Fromcan_p14_r00_v13_c01,21,Drink.Fromcan
Uselaptop_p10_r02_v10_c01,4,Uselaptop
Pour.Frombottle_p16_r00_v11_c01,20,Pour.Frombottle
Pour.Frombottle_p10_r09_v10_c01,20,Pour.Frombottle
Eat.Attable_p09_r36_v08_c01,17,Eat.Attable
Sitdown_p13_r04_v11_c01,12,Sitdown
Sitdown_p25_r02_v11_c01,12,Sitdown
Walk_p03_r13_v12_c01,1,Walk
Eat.Attable_p13_r05_v09_c01,17,Eat.Attable
Uselaptop_p13_r01_v11_c01,4,Uselaptop
Eat.Attable_p07_r28_v08_c01,17,Eat.Attable
Eat.Attable_p17_r03_v10_c01,17,Eat.Attable
Takepills_p17_r03_v09_c01,15,Takepills
Readbook_p19_r01_v07_c01,7,Readbook
Drink.Fromcup_p03_r04_v10_c01,5,Drink.Fromcup
Drink.Fromcup_p19_r11_v08_c01,5,Drink.Fromcup
Walk_p15_r03_v12_c01,1,Walk
Eat.Attable_p07_r25_v08_c01,17,Eat.Attable
Eat.Attable_p19_r01_v09_c01,17,Eat.Attable
Drink.Fromcup_p04_r06_v09_c01,5,Drink.Fromcup
Pour.Fromcan_p14_r00_v13_c01,27,Pour.Fromcan
Takepills_p18_r00_v12_c01,15,Takepills
Readbook_p06_r06_v07_c01,7,Readbook
Sitdown_p25_r00_v10_c01,12,Sitdown
Getup_p06_r01_v14_c01,11,Getup
Sitdown_p13_r02_v10_c01,12,Sitdown
Sitdown_p04_r00_v13_c01,12,Sitdown
Drink.Fromcup_p13_r03_v10_c01,5,Drink.Fromcup
Drink.Fromcup_p16_r06_v07_c01,5,Drink.Fromcup
Walk_p15_r01_v11_c01,1,Walk
Sitdown_p17_r11_v09_c01,12,Sitdown
Eat.Attable_p20_r02_v08_c01,17,Eat.Attable
Eat.Attable_p07_r44_v08_c01,17,Eat.Attable
Drink.Fromcup_p10_r06_v09_c01,5,Drink.Fromcup
Getup_p13_r00_v13_c01,11,Getup
Eat.Attable_p19_r07_v07_c01,17,Eat.Attable
Sitdown_p14_r05_v13_c01,12,Sitdown
Walk_p03_r07_v13_c01,1,Walk
Drink.Fromcup_p15_r02_v10_c01,5,Drink.Fromcup
Walk_p03_r05_v13_c01,1,Walk
Drink.Frombottle_p17_r00_v09_c01,0,Drink.Frombottle
Eat.Attable_p06_r03_v07_c01,17,Eat.Attable
Sitdown_p07_r03_v09_c01,12,Sitdown
Uselaptop_p10_r05_v09_c01,4,Uselaptop
Uselaptop_p10_r05_v10_c01,4,Uselaptop
Drink.Fromcup_p19_r06_v07_c01,5,Drink.Fromcup
Drink.Fromcup_p16_r06_v06_c01,5,Drink.Fromcup
Drink.Fromcup_p20_r00_v10_c01,5,Drink.Fromcup
Drink.Fromcup_p02_r04_v11_c01,5,Drink.Fromcup
Takepills_p10_r01_v09_c01,15,Takepills
Eat.Attable_p13_r01_v09_c01,17,Eat.Attable
Readbook_p06_r00_v27_c01,7,Readbook
Getup_p06_r00_v15_c01,11,Getup
Getup_p06_r01_v10_c01,11,Getup
Eat.Attable_p19_r18_v07_c01,17,Eat.Attable
Sitdown_p04_r00_v12_c01,12,Sitdown
Uselaptop_p19_r02_v09_c01,4,Uselaptop
Drink.Fromcup_p19_r13_v08_c01,5,Drink.Fromcup
Drink.Fromcup_p15_r02_v08_c01,5,Drink.Fromcup
Readbook_p14_r02_v13_c01,7,Readbook
Eat.Attable_p02_r04_v11_c01,17,Eat.Attable
Getup_p03_r02_v11_c01,11,Getup
Eat.Attable_p07_r11_v08_c01,17,Eat.Attable
Getup_p06_r02_v09_c01,11,Getup
Eat.Attable_p03_r00_v10_c01,17,Eat.Attable
Usetablet_p06_r00_v26_c01,25,Usetablet
Drink.Fromcup_p10_r01_v09_c01,5,Drink.Fromcup
Leave_p09_r03_v08_c01,8,Leave
Sitdown_p18_r03_v10_c01,12,Sitdown
Pour.Frombottle_p03_r01_v11_c01,20,Pour.Frombottle
Getup_p06_r03_v09_c01,11,Getup
Walk_p11_r00_v10_c01,1,Walk
Sitdown_p19_r00_v10_c01,12,Sitdown
Walk_p15_r01_v09_c01,1,Walk
Readbook_p06_r00_v08_c01,7,Readbook
Drink.Fromcup_p09_r07_v08_c01,5,Drink.Fromcup
Getup_p20_r02_v10_c01,11,Getup
Enter_p09_r01_v11_c01,14,Enter
Getup_p20_r01_v11_c01,11,Getup
Usetelephone_p14_r00_v13_c01,16,Usetelephone
Eat.Attable_p07_r16_v08_c01,17,Eat.Attable
Drink.Fromcup_p14_r05_v11_c01,5,Drink.Fromcup
Sitdown_p09_r00_v09_c01,12,Sitdown
Sitdown_p10_r11_v09_c01,12,Sitdown
Sitdown_p09_r01_v11_c01,12,Sitdown
Sitdown_p15_r00_v08_c01,12,Sitdown
Eat.Attable_p09_r27_v08_c01,17,Eat.Attable
Sitdown_p11_r01_v09_c01,12,Sitdown
Drink.Fromcup_p02_r09_v11_c01,5,Drink.Fromcup
Leave_p03_r00_v13_c01,8,Leave
Walk_p03_r14_v12_c01,1,Walk
Drink.Fromcup_p09_r17_v08_c01,5,Drink.Fromcup
Pour.Frombottle_p19_r00_v10_c01,20,Pour.Frombottle
Eat.Attable_p25_r05_v09_c01,17,Eat.Attable
Getup_p17_r02_v08_c01,11,Getup
Readbook_p13_r02_v13_c01,7,Readbook
Sitdown_p07_r01_v10_c01,12,Sitdown
Drink.Fromcup_p16_r02_v11_c01,5,Drink.Fromcup
Drink.Fromcup_p09_r06_v08_c01,5,Drink.Fromcup
Getup_p14_r00_v11_c01,11,Getup
Uselaptop_p11_r02_v09_c01,4,Uselaptop
Drink.Fromcan_p25_r00_v10_c01,21,Drink.Fromcan
Cutbread_p20_r02_v08_c01,28,Cutbread
Sitdown_p17_r09_v09_c01,12,Sitdown
Getup_p10_r13_v10_c01,11,Getup
Drink.Fromcup_p14_r08_v09_c01,5,Drink.Fromcup
Sitdown_p15_r04_v08_c01,12,Sitdown
Drink.Fromcup_p13_r01_v13_c01,5,Drink.Fromcup
Getup_p03_r01_v13_c01,11,Getup
Getup_p10_r07_v09_c01,11,Getup
Uselaptop_p17_r07_v08_c01,4,Uselaptop
Eat.Attable_p11_r17_v08_c01,17,Eat.Attable
Sitdown_p25_r01_v09_c01,12,Sitdown
Usetelephone_p14_r00_v10_c01,16,Usetelephone
Getup_p18_r04_v10_c01,11,Getup
Eat.Attable_p20_r06_v08_c01,17,Eat.Attable
Enter_p06_r01_v11_c01,14,Enter
Walk_p07_r00_v08_c01,1,Walk
Readbook_p04_r01_v09_c01,7,Readbook
Sitdown_p06_r00_v10_c01,12,Sitdown
Sitdown_p13_r01_v19_c01,12,Sitdown
Eat.Attable_p09_r03_v08_c01,17,Eat.Attable
Sitdown_p15_r01_v11_c01,12,Sitdown
Pour.Fromcan_p15_r00_v11_c01,27,Pour.Fromcan
Readbook_p06_r05_v07_c01,7,Readbook
Drink.Fromcan_p07_r00_v10_c01,21,Drink.Fromcan
Drink.Fromcup_p14_r06_v09_c01,5,Drink.Fromcup
Drink.Fromcup_p19_r00_v08_c01,5,Drink.Fromcup
Usetablet_p06_r00_v11_c01,25,Usetablet
Eat.Attable_p20_r10_v08_c01,17,Eat.Attable
Sitdown_p18_r01_v10_c01,12,Sitdown
Cutbread_p20_r01_v08_c01,28,Cutbread
Drink.Fromcup_p18_r02_v12_c01,5,Drink.Fromcup
Sitdown_p25_r01_v17_c01,12,Sitdown
Eat.Attable_p11_r11_v08_c01,17,Eat.Attable
Sitdown_p04_r02_v10_c01,12,Sitdown
Sitdown_p19_r01_v09_c01,12,Sitdown
Drink.Fromcup_p09_r00_v08_c01,5,Drink.Fromcup
Drink.Fromcup_p03_r02_v11_c01,5,Drink.Fromcup
Uselaptop_p04_r00_v13_c01,4,Uselaptop
Drink.Fromcan_p11_r02_v09_c01,21,Drink.Fromcan
Eat.Attable_p11_r45_v08_c01,17,Eat.Attable
Readbook_p14_r01_v11_c01,7,Readbook
Eat.Attable_p18_r25_v09_c01,17,Eat.Attable
Sitdown_p25_r05_v10_c01,12,Sitdown
Eat.Attable_p19_r02_v09_c01,17,Eat.Attable
Readbook_p17_r00_v09_c01,7,Readbook
Usetablet_p03_r00_v13_c01,25,Usetablet
Sitdown_p15_r01_v08_c01,12,Sitdown
Eat.Attable_p04_r13_v08_c01,17,Eat.Attable
Takepills_p11_r01_v09_c01,15,Takepills
Drink.Fromcup_p16_r03_v06_c01,5,Drink.Fromcup
Eat.Attable_p18_r09_v09_c01,17,Eat.Attable
Readbook_p19_r04_v08_c01,7,Readbook
Walk_p09_r00_v11_c01,1,Walk
Eat.Attable_p07_r21_v08_c01,17,Eat.Attable
Eat.Attable_p14_r15_v09_c01,17,Eat.Attable
Uselaptop_p15_r01_v09_c01,4,Uselaptop
Leave_p06_r01_v27_c01,8,Leave
Getup_p14_r05_v10_c01,11,Getup
Usetelephone_p10_r02_v09_c01,16,Usetelephone
Drink.Frombottle_p14_r01_v13_c01,0,Drink.Frombottle
Drink.Fromcup_p19_r03_v10_c01,5,Drink.Fromcup
Drink.Fromcup_p19_r03_v08_c01,5,Drink.Fromcup
Getup_p03_r01_v10_c01,11,Getup
Eat.Attable_p02_r21_v11_c01,17,Eat.Attable
Drink.Fromcup_p09_r14_v08_c01,5,Drink.Fromcup
Drink.Fromcup_p09_r15_v08_c01,5,Drink.Fromcup
Eat.Attable_p13_r10_v19_c01,17,Eat.Attable
Readbook_p17_r02_v09_c01,7,Readbook
Usetelephone_p17_r01_v08_c01,16,Usetelephone
Walk_p03_r05_v12_c01,1,Walk
Sitdown_p14_r02_v13_c01,12,Sitdown
Getup_p25_r01_v11_c01,11,Getup
Drink.Fromcup_p17_r04_v09_c01,5,Drink.Fromcup
Eat.Attable_p19_r01_v07_c01,17,Eat.Attable
Leave_p03_r02_v11_c01,8,Leave
Drink.Fromcup_p10_r02_v09_c01,5,Drink.Fromcup
Sitdown_p18_r03_v12_c01,12,Sitdown
Cutbread_p04_r01_v08_c01,28,Cutbread
Drink.Fromcup_p13_r00_v10_c01,5,Drink.Fromcup
Sitdown_p19_r02_v08_c01,12,Sitdown
Eat.Attable_p16_r12_v06_c01,17,Eat.Attable
Sitdown_p06_r03_v11_c01,12,Sitdown
Drink.Fromcup_p18_r03_v09_c01,5,Drink.Fromcup
Readbook_p06_r00_v09_c01,7,Readbook
Uselaptop_p11_r00_v09_c01,4,Uselaptop
Pour.Frombottle_p10_r07_v10_c01,20,Pour.Frombottle
Takepills_p16_r00_v09_c01,15,Takepills
Getup_p14_r00_v09_c01,11,Getup
Drink.Fromcup_p19_r01_v10_c01,5,Drink.Fromcup
Getup_p18_r03_v12_c01,11,Getup
Eat.Attable_p19_r20_v07_c01,17,Eat.Attable
Sitdown_p25_r01_v11_c01,12,Sitdown
Sitdown_p06_r01_v07_c01,12,Sitdown
Drink.Fromcup_p14_r06_v11_c01,5,Drink.Fromcup
Drink.Fromcup_p11_r04_v14_c01,5,Drink.Fromcup
Eat.Attable_p13_r20_v19_c01,17,Eat.Attable
Drink.Fromcan_p16_r00_v07_c01,21,Drink.Fromcan
Sitdown_p06_r05_v09_c01,12,Sitdown
Drink.Fromcup_p15_r14_v08_c01,5,Drink.Fromcup
Readbook_p16_r05_v09_c01,7,Readbook
Drink.Fromcan_p11_r05_v09_c01,21,Drink.Fromcan
Sitdown_p13_r05_v10_c01,12,Sitdown
Drink.Fromcup_p13_r01_v09_c01,5,Drink.Fromcup
Eat.Attable_p17_r06_v10_c01,17,Eat.Attable
Getup_p10_r12_v09_c01,11,Getup
Takepills_p25_r01_v11_c01,15,Takepills
Uselaptop_p17_r05_v08_c01,4,Uselaptop
Eat.Attable_p20_r07_v08_c01,17,Eat.Attable
Eat.Attable_p04_r16_v08_c01,17,Eat.Attable
Cutbread_p13_r01_v09_c01,28,Cutbread
Sitdown_p09_r00_v11_c01,12,Sitdown
Drink.Fromcup_p14_r07_v09_c01,5,Drink.Fromcup
Eat.Attable_p02_r19_v11_c01,17,Eat.Attable
Drink.Fromcup_p02_r01_v11_c01,5,Drink.Fromcup
Sitdown_p14_r03_v13_c01,12,Sitdown
Drink.Fromcup_p04_r00_v13_c01,5,Drink.Fromcup
Drink.Fromcan_p11_r03_v10_c01,21,Drink.Fromcan
Takepills_p10_r03_v09_c01,15,Takepills
Getup_p10_r11_v09_c01,11,Getup
Drink.Fromcup_p16_r02_v06_c01,5,Drink.Fromcup
Getup_p06_r01_v15_c01,11,Getup
Eat.Attable_p14_r03_v09_c01,17,Eat.Attable
Drink.Fromcup_p04_r02_v09_c01,5,Drink.Fromcup
Eat.Attable_p20_r12_v08_c01,17,Eat.Attable
Sitdown_p20_r00_v08_c01,12,Sitdown
Readbook_p06_r01_v14_c01,7,Readbook
Drink.Fromcup_p19_r06_v08_c01,5,Drink.Fromcup
Drink.Fromcup_p03_r03_v12_c01,5,Drink.Fromcup
Drink.Fromcup_p16_r00_v07_c01,5,Drink.Fromcup
Eat.Attable_p13_r02_v19_c01,17,Eat.Attable
Sitdown_p10_r09_v10_c01,12,Sitdown
Readbook_p25_r05_v11_c01,7,Readbook
Eat.Snack_p06_r00_v11_c01,24,Eat.Snack
Walk_p03_r13_v13_c01,1,Walk
Readbook_p06_r07_v07_c01,7,Readbook
Drink.Fromcup_p02_r05_v11_c01,5,Drink.Fromcup
Drink.Fromcup_p06_r03_v26_c01,5,Drink.Fromcup
Eat.Attable_p09_r32_v08_c01,17,Eat.Attable
Sitdown_p18_r07_v10_c01,12,Sitdown
Drink.Fromcup_p13_r02_v13_c01,5,Drink.Fromcup
Eat.Attable_p04_r01_v12_c01,17,Eat.Attable
Enter_p06_r02_v15_c01,14,Enter
Eat.Attable_p04_r02_v08_c01,17,Eat.Attable
Drink.Fromcan_p11_r09_v09_c01,21,Drink.Fromcan
Takepills_p15_r02_v10_c01,15,Takepills
Readbook_p04_r13_v08_c01,7,Readbook
Drink.Fromcup_p18_r02_v09_c01,5,Drink.Fromcup
Eat.Snack_p06_r04_v11_c01,24,Eat.Snack
Getup_p03_r00_v12_c01,11,Getup
Sitdown_p13_r06_v10_c01,12,Sitdown
Drink.Frombottle_p14_r04_v10_c01,0,Drink.Frombottle
Drink.Fromcup_p16_r03_v07_c01,5,Drink.Fromcup
Eat.Attable_p14_r13_v09_c01,17,Eat.Attable
Drink.Fromcup_p04_r01_v12_c01,5,Drink.Fromcup
Drink.Fromcup_p09_r02_v08_c01,5,Drink.Fromcup
Getup_p06_r02_v26_c01,11,Getup
Drink.Fromcup_p07_r06_v08_c01,5,Drink.Fromcup
Sitdown_p11_r00_v15_c01,12,Sitdown
Sitdown_p06_r04_v15_c01,12,Sitdown
Drink.Frombottle_p20_r00_v09_c01,0,Drink.Frombottle
Walk_p07_r03_v10_c01,1,Walk
Walk_p07_r00_v12_c01,1,Walk
Getup_p14_r06_v10_c01,11,Getup
Readbook_p15_r00_v11_c01,7,Readbook
Drink.Fromcup_p17_r02_v10_c01,5,Drink.Fromcup
Getup_p17_r00_v10_c01,11,Getup
Sitdown_p19_r00_v08_c01,12,Sitdown
Readbook_p03_r01_v11_c01,7,Readbook
Drink.Fromcup_p15_r15_v08_c01,5,Drink.Fromcup
Walk_p03_r06_v13_c01,1,Walk
Eat.Attable_p16_r00_v06_c01,17,Eat.Attable
Enter_p09_r01_v08_c01,14,Enter
Leave_p06_r02_v14_c01,8,Leave
Readbook_p06_r03_v07_c01,7,Readbook
Eat.Attable_p07_r18_v08_c01,17,Eat.Attable
Drink.Fromcup_p19_r18_v07_c01,5,Drink.Fromcup
Eat.Attable_p03_r03_v10_c01,17,Eat.Attable
Takepills_p11_r00_v14_c01,15,Takepills
Drink.Fromcup_p19_r05_v09_c01,5,Drink.Fromcup
Uselaptop_p10_r09_v10_c01,4,Uselaptop
Sitdown_p13_r03_v10_c01,12,Sitdown
Pour.Frombottle_p20_r00_v09_c01,20,Pour.Frombottle
Usetelephone_p13_r05_v13_c01,16,Usetelephone
Drink.Fromcup_p10_r06_v10_c01,5,Drink.Fromcup
Eat.Attable_p02_r02_v11_c01,17,Eat.Attable
Usetelephone_p09_r01_v10_c01,16,Usetelephone
Pour.Frombottle_p10_r00_v10_c01,20,Pour.Frombottle
Eat.Attable_p19_r10_v07_c01,17,Eat.Attable
Eat.Attable_p13_r32_v19_c01,17,Eat.Attable
Eat.Attable_p04_r06_v08_c01,17,Eat.Attable
Drink.Fromcup_p19_r07_v10_c01,5,Drink.Fromcup
Usetelephone_p06_r00_v14_c01,16,Usetelephone
Drink.Fromcup_p19_r26_v07_c01,5,Drink.Fromcup
Sitdown_p09_r05_v10_c01,12,Sitdown
Drink.Fromcup_p16_r02_v09_c01,5,Drink.Fromcup
Readbook_p15_r00_v08_c01,7,Readbook
Uselaptop_p11_r05_v09_c01,4,Uselaptop
Cutbread_p07_r00_v08_c01,28,Cutbread
Usetelephone_p10_r01_v09_c01,16,Usetelephone
Usetelephone_p03_r05_v12_c01,16,Usetelephone
Sitdown_p19_r06_v08_c01,12,Sitdown
Eat.Attable_p14_r10_v09_c01,17,Eat.Attable
Drink.Fromcup_p09_r04_v08_c01,5,Drink.Fromcup
Drink.Fromcup_p14_r03_v11_c01,5,Drink.Fromcup
Drink.Fromcup_p10_r07_v09_c01,5,Drink.Fromcup
Usetelephone_p25_r02_v10_c01,16,Usetelephone
Sitdown_p04_r02_v08_c01,12,Sitdown
Eat.Attable_p07_r02_v08_c01,17,Eat.Attable
Drink.Fromcup_p06_r02_v26_c01,5,Drink.Fromcup
Getup_p06_r04_v11_c01,11,Getup
Sitdown_p09_r02_v11_c01,12,Sitdown
Eat.Attable_p04_r22_v08_c01,17,Eat.Attable
Pour.Fromcan_p14_r00_v11_c01,27,Pour.Fromcan
Getup_p09_r02_v11_c01,11,Getup
Uselaptop_p11_r01_v09_c01,4,Uselaptop
Eat.Snack_p06_r06_v11_c01,24,Eat.Snack
Sitdown_p07_r01_v09_c01,12,Sitdown
Usetelephone_p18_r01_v10_c01,16,Usetelephone
Eat.Attable_p04_r02_v12_c01,17,Eat.Attable
Uselaptop_p19_r03_v09_c01,4,Uselaptop
Getup_p13_r04_v13_c01,11,Getup
Sitdown_p10_r03_v09_c01,12,Sitdown
Sitdown_p06_r01_v11_c01,12,Sitdown
Eat.Attable_p15_r46_v08_c01,17,Eat.Attable
Readbook_p25_r03_v10_c01,7,Readbook
Readbook_p13_r01_v11_c01,7,Readbook
Drink.Fromcup_p19_r02_v08_c01,5,Drink.Fromcup
Usetelephone_p15_r00_v09_c01,16,Usetelephone
Uselaptop_p19_r04_v09_c01,4,Uselaptop
Pour.Frombottle_p17_r01_v09_c01,20,Pour.Frombottle
Drink.Frombottle_p13_r00_v11_c01,0,Drink.Frombottle
Pour.Frombottle_p25_r00_v09_c01,20,Pour.Frombottle
Sitdown_p18_r01_v12_c01,12,Sitdown
Drink.Fromcup_p02_r11_v11_c01,5,Drink.Fromcup
Drink.Fromcup_p17_r01_v10_c01,5,Drink.Fromcup
Sitdown_p03_r02_v12_c01,12,Sitdown
Getup_p19_r01_v09_c01,11,Getup
Takepills_p07_r00_v09_c01,15,Takepills
Eat.Attable_p02_r09_v11_c01,17,Eat.Attable
Eat.Attable_p11_r06_v08_c01,17,Eat.Attable
Walk_p18_r01_v11_c01,1,Walk
Sitdown_p19_r04_v08_c01,12,Sitdown
Eat.Attable_p13_r09_v09_c01,17,Eat.Attable
Uselaptop_p10_r00_v09_c01,4,Uselaptop
Readbook_p15_r00_v10_c01,7,Readbook
Readbook_p04_r01_v10_c01,7,Readbook
Walk_p03_r00_v12_c01,1,Walk
Eat.Attable_p09_r15_v08_c01,17,Eat.Attable
Drink.Fromcup_p09_r00_v11_c01,5,Drink.Fromcup
Sitdown_p09_r01_v10_c01,12,Sitdown
Drink.Fromcup_p19_r08_v08_c01,5,Drink.Fromcup
Eat.Attable_p13_r18_v09_c01,17,Eat.Attable
Uselaptop_p11_r01_v15_c01,4,Uselaptop
Pour.Fromcan_p15_r02_v10_c01,27,Pour.Fromcan
Drink.Fromcup_p06_r01_v10_c01,5,Drink.Fromcup
Sitdown_p25_r06_v10_c01,12,Sitdown
Drink.Fromcup_p15_r01_v11_c01,5,Drink.Fromcup
Drink.Fromcan_p16_r01_v07_c01,21,Drink.Fromcan
Drink.Fromcup_p15_r00_v10_c01,5,Drink.Fromcup
Drink.Fromcup_p13_r12_v10_c01,5,Drink.Fromcup
Walk_p11_r00_v15_c01,1,Walk
Getup_p19_r02_v09_c01,11,Getup
Readbook_p06_r02_v14_c01,7,Readbook
Readbook_p02_r00_v11_c01,7,Readbook
Eat.Attable_p16_r16_v06_c01,17,Eat.Attable
Uselaptop_p13_r00_v13_c01,4,Uselaptop
Getup_p03_r04_v11_c01,11,Getup
Readbook_p19_r03_v08_c01,7,Readbook
Eat.Attable_p07_r09_v08_c01,17,Eat.Attable
Drink.Fromcup_p15_r00_v12_c01,5,Drink.Fromcup
Usetelephone_p13_r03_v10_c01,16,Usetelephone
Drink.Fromcup_p06_r06_v26_c01,5,Drink.Fromcup
Eat.Attable_p09_r00_v08_c01,17,Eat.Attable
Uselaptop_p17_r01_v08_c01,4,Uselaptop
Eat.Attable_p13_r14_v19_c01,17,Eat.Attable
Getup_p07_r01_v09_c01,11,Getup
Drink.Fromcup_p06_r02_v08_c01,5,Drink.Fromcup
Eat.Attable_p16_r15_v06_c01,17,Eat.Attable
Usetelephone_p25_r00_v11_c01,16,Usetelephone
Drink.Fromcup_p09_r09_v08_c01,5,Drink.Fromcup
Enter_p06_r00_v15_c01,14,Enter
Drink.Frombottle_p06_r06_v10_c01,0,Drink.Frombottle
Pour.Frombottle_p15_r00_v11_c01,20,Pour.Frombottle
Drink.Fromcup_p15_r09_v08_c01,5,Drink.Fromcup
Eat.Attable_p09_r13_v08_c01,17,Eat.Attable
Eat.Attable_p25_r01_v09_c01,17,Eat.Attable
Drink.Fromcup_p13_r06_v09_c01,5,Drink.Fromcup
Eat.Attable_p11_r42_v08_c01,17,Eat.Attable
Drink.Fromcup_p09_r00_v09_c01,5,Drink.Fromcup
Uselaptop_p11_r06_v09_c01,4,Uselaptop
Walk_p03_r01_v12_c01,1,Walk
Drink.Fromcan_p11_r03_v09_c01,21,Drink.Fromcan
Drink.Fromcup_p19_r15_v07_c01,5,Drink.Fromcup
Pour.Frombottle_p25_r00_v11_c01,20,Pour.Frombottle
Readbook_p04_r04_v09_c01,7,Readbook
Drink.Fromcup_p18_r04_v12_c01,5,Drink.Fromcup
Eat.Attable_p25_r00_v17_c01,17,Eat.Attable
Eat.Attable_p09_r34_v08_c01,17,Eat.Attable
Drink.Fromcup_p03_r00_v11_c01,5,Drink.Fromcup
Getup_p25_r08_v10_c01,11,Getup
Sitdown_p10_r01_v09_c01,12,Sitdown
Sitdown_p09_r00_v10_c01,12,Sitdown
Walk_p09_r02_v10_c01,1,Walk
Usetelephone_p03_r00_v11_c01,16,Usetelephone
Eat.Attable_p13_r22_v09_c01,17,Eat.Attable
Sitdown_p17_r04_v08_c01,12,Sitdown
Drink.Fromcup_p10_r00_v10_c01,5,Drink.Fromcup
Drink.Fromcup_p19_r05_v10_c01,5,Drink.Fromcup
Readbook_p16_r03_v09_c01,7,Readbook
Eat.Attable_p16_r30_v06_c01,17,Eat.Attable
Eat.Attable_p03_r05_v10_c01,17,Eat.Attable
Drink.Fromcup_p19_r25_v07_c01,5,Drink.Fromcup
Sitdown_p25_r09_v10_c01,12,Sitdown
Drink.Fromcan_p06_r01_v14_c01,21,Drink.Fromcan
Leave_p03_r02_v10_c01,8,Leave
Eat.Attable_p19_r09_v07_c01,17,Eat.Attable
Enter_p03_r02_v11_c01,14,Enter
Drink.Fromcup_p19_r04_v09_c01,5,Drink.Fromcup
Walk_p04_r00_v13_c01,1,Walk
Getup_p06_r02_v15_c01,11,Getup
Getup_p03_r00_v13_c01,11,Getup
Drink.Fromcup_p09_r12_v08_c01,5,Drink.Fromcup
Drink.Fromcup_p19_r00_v09_c01,5,Drink.Fromcup
Drink.Fromcan_p06_r00_v14_c01,21,Drink.Fromcan
Getup_p14_r10_v10_c01,11,Getup
Drink.Fromcup_p16_r02_v07_c01,5,Drink.Fromcup
Getup_p10_r10_v09_c01,11,Getup
Eat.Attable_p07_r39_v08_c01,17,Eat.Attable
Drink.Fromcup_p15_r03_v12_c01,5,Drink.Fromcup
Usetablet_p06_r01_v26_c01,25,Usetablet
Pour.Frombottle_p10_r06_v10_c01,20,Pour.Frombottle
Walk_p09_r02_v09_c01,1,Walk
Sitdown_p06_r02_v14_c01,12,Sitdown
Sitdown_p07_r02_v09_c01,12,Sitdown
Usetelephone_p03_r03_v12_c01,16,Usetelephone
Readbook_p17_r03_v08_c01,7,Readbook
Uselaptop_p14_r02_v10_c01,4,Uselaptop
Getup_p13_r04_v11_c01,11,Getup
Getup_p15_r03_v08_c01,11,Getup
Eat.Attable_p18_r34_v09_c01,17,Eat.Attable
Drink.Fromcup_p04_r05_v08_c01,5,Drink.Fromcup
Drink.Fromcup_p09_r18_v08_c01,5,Drink.Fromcup
Eat.Attable_p06_r12_v07_c01,17,Eat.Attable
Drink.Fromcup_p14_r01_v13_c01,5,Drink.Fromcup
Getup_p06_r00_v11_c01,11,Getup
Eat.Attable_p07_r24_v08_c01,17,Eat.Attable
Drink.Fromcup_p09_r01_v11_c01,5,Drink.Fromcup
Drink.Fromcup_p02_r00_v11_c01,5,Drink.Fromcup
Uselaptop_p10_r02_v09_c01,4,Uselaptop
Drink.Fromcup_p07_r00_v10_c01,5,Drink.Fromcup
Sitdown_p18_r02_v10_c01,12,Sitdown
Eat.Attable_p07_r43_v08_c01,17,Eat.Attable
Drink.Fromcup_p06_r01_v26_c01,5,Drink.Fromcup
Leave_p06_r02_v15_c01,8,Leave
Drink.Frombottle_p15_r01_v10_c01,0,Drink.Frombottle
Usetablet_p20_r01_v11_c01,25,Usetablet
Sitdown_p14_r04_v13_c01,12,Sitdown
Leave_p03_r01_v11_c01,8,Leave
Readbook_p18_r03_v12_c01,7,Readbook
Sitdown_p25_r07_v10_c01,12,Sitdown
Enter_p06_r01_v26_c01,14,Enter
Takepills_p09_r00_v11_c01,15,Takepills
Eat.Attable_p11_r16_v08_c01,17,Eat.Attable
Cutbread_p20_r03_v08_c01,28,Cutbread
Sitdown_p18_r04_v10_c01,12,Sitdown
Eat.Attable_p19_r03_v07_c01,17,Eat.Attable
Eat.Attable_p20_r22_v08_c01,17,Eat.Attable
Sitdown_p10_r14_v10_c01,12,Sitdown
Readbook_p11_r01_v09_c01,7,Readbook
Drink.Fromcan_p11_r10_v09_c01,21,Drink.Fromcan
Usetelephone_p03_r01_v13_c01,16,Usetelephone
Usetablet_p03_r01_v12_c01,25,Usetablet
Drink.Fromcup_p10_r05_v09_c01,5,Drink.Fromcup
Eat.Attable_p18_r04_v09_c01,17,Eat.Attable
Drink.Fromcan_p06_r00_v11_c01,21,Drink.Fromcan
Getup_p17_r06_v09_c01,11,Getup
Readbook_p04_r05_v08_c01,7,Readbook
Drink.Fromcup_p11_r00_v14_c01,5,Drink.Fromcup
Drink.Fromcup_p14_r00_v13_c01,5,Drink.Fromcup
Takepills_p10_r02_v09_c01,15,Takepills
Leave_p06_r00_v08_c01,8,Leave
Walk_p03_r03_v12_c01,1,Walk
Sitdown_p18_r00_v10_c01,12,Sitdown
Getup_p10_r13_v09_c01,11,Getup
Readbook_p25_r04_v11_c01,7,Readbook
Drink.Fromcup_p10_r03_v10_c01,5,Drink.Fromcup
Drink.Fromcup_p16_r04_v06_c01,5,Drink.Fromcup
Enter_p06_r00_v26_c01,14,Enter
Eat.Attable_p13_r06_v09_c01,17,Eat.Attable
Drink.Fromcup_p15_r01_v08_c01,5,Drink.Fromcup
Drink.Fromcup_p06_r00_v10_c01,5,Drink.Fromcup
Drink.Fromcup_p19_r09_v07_c01,5,Drink.Fromcup
Readbook_p14_r00_v13_c01,7,Readbook
Drink.Fromcan_p14_r03_v10_c01,21,Drink.Fromcan
Enter_p06_r03_v27_c01,14,Enter
Getup_p06_r01_v11_c01,11,Getup
Takepills_p10_r00_v10_c01,15,Takepills
Usetelephone_p09_r00_v09_c01,16,Usetelephone
Eat.Attable_p20_r25_v08_c01,17,Eat.Attable
Drink.Fromcup_p11_r02_v08_c01,5,Drink.Fromcup
Drink.Fromcup_p09_r10_v08_c01,5,Drink.Fromcup
Pour.Frombottle_p03_r02_v11_c01,20,Pour.Frombottle
Drink.Frombottle_p06_r03_v10_c01,0,Drink.Frombottle
Readbook_p17_r05_v08_c01,7,Readbook
Drink.Fromcup_p04_r03_v08_c01,5,Drink.Fromcup
Uselaptop_p14_r01_v11_c01,4,Uselaptop
Sitdown_p18_r00_v11_c01,12,Sitdown
Drink.Fromcup_p07_r00_v08_c01,5,Drink.Fromcup
Drink.Fromcan_p06_r06_v11_c01,21,Drink.Fromcan
Eat.Attable_p04_r23_v08_c01,17,Eat.Attable
Drink.Fromcup_p03_r05_v12_c01,5,Drink.Fromcup
Drink.Fromcup_p14_r00_v09_c01,5,Drink.Fromcup
Drink.Fromcup_p04_r06_v08_c01,5,Drink.Fromcup
Getup_p06_r01_v26_c01,11,Getup
Drink.Fromcup_p07_r07_v08_c01,5,Drink.Fromcup
Sitdown_p10_r10_v10_c01,12,Sitdown
Eat.Attable_p14_r04_v09_c01,17,Eat.Attable